id	file	anchor	before	after	reason	master_sha256
judgment	uk/historia-brittonum-uk.md	page-146	Judgment	Judgement	UK spelling	a17a6ae052c3dc03ab6ae9ea12b0283aeb250475bdc0819e55b77b7a662aadb9
judgment	uk/historia-brittonum-uk.md	page-146	Judgment	Judgement	UK spelling	a17a6ae052c3dc03ab6ae9ea12b0283aeb250475bdc0819e55b77b7a662aadb9
toward	uk/historia-brittonum-uk.md	page-147	toward	towards	UK usage; Oxford Learner's gives towards as British, toward as North American	a17a6ae052c3dc03ab6ae9ea12b0283aeb250475bdc0819e55b77b7a662aadb9
afterward	uk/historia-brittonum-uk.md	page-152	afterward	afterwards	UK usage; Oxford Learner's gives afterwards as the usual British form	a17a6ae052c3dc03ab6ae9ea12b0283aeb250475bdc0819e55b77b7a662aadb9
harbor	uk/historia-brittonum-uk.md	page-155	harbor	harbour	UK spelling	a17a6ae052c3dc03ab6ae9ea12b0283aeb250475bdc0819e55b77b7a662aadb9
afterward	uk/historia-brittonum-uk.md	page-158	afterward	afterwards	UK usage; Oxford Learner's gives afterwards as the usual British form	a17a6ae052c3dc03ab6ae9ea12b0283aeb250475bdc0819e55b77b7a662aadb9
honor	uk/historia-brittonum-uk.md	page-163	honor	honour	UK spelling	a17a6ae052c3dc03ab6ae9ea12b0283aeb250475bdc0819e55b77b7a662aadb9
afterward	uk/historia-brittonum-uk.md	page-164	Afterward	Afterwards	UK usage; Oxford Learner's gives afterwards as the usual British form	a17a6ae052c3dc03ab6ae9ea12b0283aeb250475bdc0819e55b77b7a662aadb9
baptized	uk/historia-brittonum-uk.md	page-164	baptized	baptised	UK house choice	a17a6ae052c3dc03ab6ae9ea12b0283aeb250475bdc0819e55b77b7a662aadb9
baptized	uk/historia-brittonum-uk.md	page-164	baptized	baptised	UK house choice	a17a6ae052c3dc03ab6ae9ea12b0283aeb250475bdc0819e55b77b7a662aadb9
worshiped	uk/historia-brittonum-uk.md	page-171	worshiped	worshipped	UK spelling	a17a6ae052c3dc03ab6ae9ea12b0283aeb250475bdc0819e55b77b7a662aadb9
toward	uk/historia-brittonum-uk.md	page-174	toward	towards	UK usage; Oxford Learner's gives towards as British, toward as North American	a17a6ae052c3dc03ab6ae9ea12b0283aeb250475bdc0819e55b77b7a662aadb9
baptized	uk/historia-brittonum-uk.md	page-174	baptized	baptised	UK house choice	a17a6ae052c3dc03ab6ae9ea12b0283aeb250475bdc0819e55b77b7a662aadb9
baptized	uk/historia-brittonum-uk.md	page-174	baptized	baptised	UK house choice	a17a6ae052c3dc03ab6ae9ea12b0283aeb250475bdc0819e55b77b7a662aadb9
baptizes	uk/historia-brittonum-uk.md	page-176	baptizes	baptises	UK house choice; a whole-word row misses the inflected form	a17a6ae052c3dc03ab6ae9ea12b0283aeb250475bdc0819e55b77b7a662aadb9
baptized	uk/historia-brittonum-uk.md	page-176	baptized	baptised	UK house choice	a17a6ae052c3dc03ab6ae9ea12b0283aeb250475bdc0819e55b77b7a662aadb9
traveled	uk/historia-brittonum-uk.md	page-182	traveled	travelled	UK spelling	a17a6ae052c3dc03ab6ae9ea12b0283aeb250475bdc0819e55b77b7a662aadb9
afterward	uk/historia-brittonum-uk.md	page-185	afterward	afterwards	UK usage; Oxford Learner's gives afterwards as the usual British form	a17a6ae052c3dc03ab6ae9ea12b0283aeb250475bdc0819e55b77b7a662aadb9
harbor	uk/historia-brittonum-uk.md	page-188	harbor	harbour	UK spelling	a17a6ae052c3dc03ab6ae9ea12b0283aeb250475bdc0819e55b77b7a662aadb9
afterward	uk/historia-brittonum-uk.md	page-189	afterward	afterwards	UK usage; Oxford Learner's gives afterwards as the usual British form	a17a6ae052c3dc03ab6ae9ea12b0283aeb250475bdc0819e55b77b7a662aadb9
honor	uk/historia-brittonum-uk.md	page-192	honor	honour	UK spelling	a17a6ae052c3dc03ab6ae9ea12b0283aeb250475bdc0819e55b77b7a662aadb9
baptized	uk/historia-brittonum-uk.md	page-192	baptized	baptised	UK house choice	a17a6ae052c3dc03ab6ae9ea12b0283aeb250475bdc0819e55b77b7a662aadb9
traveled	uk/historia-brittonum-uk.md	page-194	traveled	travelled	UK spelling	a17a6ae052c3dc03ab6ae9ea12b0283aeb250475bdc0819e55b77b7a662aadb9
baptized	uk/historia-brittonum-uk.md	page-196	baptized	baptised	UK house choice	a17a6ae052c3dc03ab6ae9ea12b0283aeb250475bdc0819e55b77b7a662aadb9
baptized	uk/historia-brittonum-uk.md	page-197	baptized	baptised	UK house choice	a17a6ae052c3dc03ab6ae9ea12b0283aeb250475bdc0819e55b77b7a662aadb9
honor	uk/historia-brittonum-uk.md	page-197	honor	honour	UK spelling	a17a6ae052c3dc03ab6ae9ea12b0283aeb250475bdc0819e55b77b7a662aadb9
judgment	uk/historia-brittonum-uk.md	page-197	Judgment	Judgement	UK spelling	a17a6ae052c3dc03ab6ae9ea12b0283aeb250475bdc0819e55b77b7a662aadb9
judgment	uk/historia-brittonum-uk.md	page-197	Judgment	Judgement	UK spelling	a17a6ae052c3dc03ab6ae9ea12b0283aeb250475bdc0819e55b77b7a662aadb9
judgment	uk/historia-brittonum-uk.md	page-197	Judgment	Judgement	UK spelling	a17a6ae052c3dc03ab6ae9ea12b0283aeb250475bdc0819e55b77b7a662aadb9
colors	uk/historia-brittonum-uk.md	page-197	colors	colours	UK spelling; a whole-word row misses the inflected form	a17a6ae052c3dc03ab6ae9ea12b0283aeb250475bdc0819e55b77b7a662aadb9
baptized	uk/historia-brittonum-uk.md	page-206	baptized	baptised	UK house choice	a17a6ae052c3dc03ab6ae9ea12b0283aeb250475bdc0819e55b77b7a662aadb9
baptizing	uk/historia-brittonum-uk.md	page-206	baptizing	baptising	UK house choice; a whole-word row misses the inflected form	a17a6ae052c3dc03ab6ae9ea12b0283aeb250475bdc0819e55b77b7a662aadb9
baptized	uk/historia-brittonum-uk.md	page-208	baptized	baptised	UK house choice	a17a6ae052c3dc03ab6ae9ea12b0283aeb250475bdc0819e55b77b7a662aadb9
pedes-spring	uk/historia-brittonum-uk.md	page-215	twenty feet long	about six metres long	Source: viginti pedum, Mommsen 215, the spring of Finnaun Guur Helic; a Roman foot of about 29.6 cm, so twenty are about 5.9 m; ONS gives metric for a size, rounded to about six metres; reaches page 215	a17a6ae052c3dc03ab6ae9ea12b0283aeb250475bdc0819e55b77b7a662aadb9
toward	uk/historia-brittonum-uk.md	page-216	toward	towards	UK usage; Oxford Learner's gives towards as British, toward as North American	a17a6ae052c3dc03ab6ae9ea12b0283aeb250475bdc0819e55b77b7a662aadb9
toward	uk/historia-brittonum-uk.md	page-216	toward	towards	UK usage; Oxford Learner's gives towards as British, toward as North American	a17a6ae052c3dc03ab6ae9ea12b0283aeb250475bdc0819e55b77b7a662aadb9
traveler	uk/historia-brittonum-uk.md	page-218	traveler	traveller	UK spelling	a17a6ae052c3dc03ab6ae9ea12b0283aeb250475bdc0819e55b77b7a662aadb9
capitalizes	uk/historia-brittonum-uk.md	new-in-this-translation	capitalizes	capitalises	UK house choice	a17a6ae052c3dc03ab6ae9ea12b0283aeb250475bdc0819e55b77b7a662aadb9
toward	uk/historia-brittonum-uk.md	new-in-this-translation	toward	towards	UK usage; Oxford Learner's gives towards as British, toward as North American	a17a6ae052c3dc03ab6ae9ea12b0283aeb250475bdc0819e55b77b7a662aadb9
theater	uk/historia-brittonum-uk.md	new-in-this-translation	theater	theatre	UK spelling	a17a6ae052c3dc03ab6ae9ea12b0283aeb250475bdc0819e55b77b7a662aadb9
milia-note	uk/historia-brittonum-uk.md	new-in-this-translation	about four thousand eight hundred fifty feet	nearly a kilometre and a half	Source: mille passus, the Roman mile of endnote 165-1, about 1,480 m; US gives it in feet, UK in metric by ONS, rounded as loosely as a note needs; reaches endnote 165-1	a17a6ae052c3dc03ab6ae9ea12b0283aeb250475bdc0819e55b77b7a662aadb9
baptized	uk/historia-brittonum-uk.md	new-in-this-translation	baptized	baptised	UK house choice	a17a6ae052c3dc03ab6ae9ea12b0283aeb250475bdc0819e55b77b7a662aadb9
baptized	uk/historia-brittonum-uk.md	new-in-this-translation	baptized	baptised	UK house choice	a17a6ae052c3dc03ab6ae9ea12b0283aeb250475bdc0819e55b77b7a662aadb9
locale-link	uk/historia-brittonum-uk.md	links	historia-brittonum-how-it-was-made.md#ryan-allen	../historia-brittonum-how-it-was-made.md#ryan-allen	shared file one folder up	a17a6ae052c3dc03ab6ae9ea12b0283aeb250475bdc0819e55b77b7a662aadb9
locale-link	uk/historia-brittonum-uk.md	links	uk/historia-brittonum-uk.md	../historia-brittonum.md	reciprocal edition link	a17a6ae052c3dc03ab6ae9ea12b0283aeb250475bdc0819e55b77b7a662aadb9
locale-link	uk/historia-brittonum-uk.md	links	historia-brittonum-how-it-was-made.md#ryan-allen	../historia-brittonum-how-it-was-made.md#ryan-allen	shared file one folder up	a17a6ae052c3dc03ab6ae9ea12b0283aeb250475bdc0819e55b77b7a662aadb9
locale-link	uk/historia-brittonum-uk.md	links	historia-brittonum-how-it-was-made.md#ryan-allen	../historia-brittonum-how-it-was-made.md#ryan-allen	shared file one folder up	a17a6ae052c3dc03ab6ae9ea12b0283aeb250475bdc0819e55b77b7a662aadb9
locale-link	uk/historia-brittonum-uk.md	links	historia-brittonum-how-it-was-made.md#designed-the-system	../historia-brittonum-how-it-was-made.md#designed-the-system	shared file one folder up	a17a6ae052c3dc03ab6ae9ea12b0283aeb250475bdc0819e55b77b7a662aadb9
locale-link	uk/historia-brittonum-uk.md	links	historia-brittonum-how-it-was-made.md#all-checks-passed	../historia-brittonum-how-it-was-made.md#all-checks-passed	shared file one folder up	a17a6ae052c3dc03ab6ae9ea12b0283aeb250475bdc0819e55b77b7a662aadb9
locale-link	uk/historia-brittonum-uk.md	links	historia-brittonum-how-it-was-made.md#readable-first	../historia-brittonum-how-it-was-made.md#readable-first	shared file one folder up	a17a6ae052c3dc03ab6ae9ea12b0283aeb250475bdc0819e55b77b7a662aadb9
locale-link	uk/historia-brittonum-uk.md	links	historia-brittonum-how-it-was-made.md#plain-speech	../historia-brittonum-how-it-was-made.md#plain-speech	shared file one folder up	a17a6ae052c3dc03ab6ae9ea12b0283aeb250475bdc0819e55b77b7a662aadb9
locale-link	uk/historia-brittonum-uk.md	links	historia-brittonum-how-it-was-made.md#shaped-for-english	../historia-brittonum-how-it-was-made.md#shaped-for-english	shared file one folder up	a17a6ae052c3dc03ab6ae9ea12b0283aeb250475bdc0819e55b77b7a662aadb9
locale-link	uk/historia-brittonum-uk.md	links	historia-brittonum-how-it-was-made.md#every-link-said	../historia-brittonum-how-it-was-made.md#every-link-said	shared file one folder up	a17a6ae052c3dc03ab6ae9ea12b0283aeb250475bdc0819e55b77b7a662aadb9
locale-link	uk/historia-brittonum-uk.md	links	historia-brittonum-how-it-was-made.md#nothing-said-twice	../historia-brittonum-how-it-was-made.md#nothing-said-twice	shared file one folder up	a17a6ae052c3dc03ab6ae9ea12b0283aeb250475bdc0819e55b77b7a662aadb9
locale-link	uk/historia-brittonum-uk.md	links	historia-brittonum-how-it-was-made.md#the-right-word-each-time	../historia-brittonum-how-it-was-made.md#the-right-word-each-time	shared file one folder up	a17a6ae052c3dc03ab6ae9ea12b0283aeb250475bdc0819e55b77b7a662aadb9
locale-link	uk/historia-brittonum-uk.md	links	historia-brittonum-how-it-was-made.md#no-word-worn-out	../historia-brittonum-how-it-was-made.md#no-word-worn-out	shared file one folder up	a17a6ae052c3dc03ab6ae9ea12b0283aeb250475bdc0819e55b77b7a662aadb9
locale-link	uk/historia-brittonum-uk.md	links	historia-brittonum-how-it-was-made.md#modern-idiom	../historia-brittonum-how-it-was-made.md#modern-idiom	shared file one folder up	a17a6ae052c3dc03ab6ae9ea12b0283aeb250475bdc0819e55b77b7a662aadb9
locale-link	uk/historia-brittonum-uk.md	links	historia-brittonum-how-it-was-made.md#us-english	../historia-brittonum-how-it-was-made.md#us-english	shared file one folder up	a17a6ae052c3dc03ab6ae9ea12b0283aeb250475bdc0819e55b77b7a662aadb9
locale-link	uk/historia-brittonum-uk.md	links	historia-brittonum-how-it-was-made.md#english-word-order	../historia-brittonum-how-it-was-made.md#english-word-order	shared file one folder up	a17a6ae052c3dc03ab6ae9ea12b0283aeb250475bdc0819e55b77b7a662aadb9
locale-link	uk/historia-brittonum-uk.md	links	historia-brittonum-how-it-was-made.md#natural-tenses	../historia-brittonum-how-it-was-made.md#natural-tenses	shared file one folder up	a17a6ae052c3dc03ab6ae9ea12b0283aeb250475bdc0819e55b77b7a662aadb9
locale-link	uk/historia-brittonum-uk.md	links	historia-brittonum-how-it-was-made.md#contractions	../historia-brittonum-how-it-was-made.md#contractions	shared file one folder up	a17a6ae052c3dc03ab6ae9ea12b0283aeb250475bdc0819e55b77b7a662aadb9
locale-link	uk/historia-brittonum-uk.md	links	historia-brittonum-how-it-was-made.md#neutral-tone	../historia-brittonum-how-it-was-made.md#neutral-tone	shared file one folder up	a17a6ae052c3dc03ab6ae9ea12b0283aeb250475bdc0819e55b77b7a662aadb9
locale-link	uk/historia-brittonum-uk.md	links	historia-brittonum-how-it-was-made.md#gender-neutral	../historia-brittonum-how-it-was-made.md#gender-neutral	shared file one folder up	a17a6ae052c3dc03ab6ae9ea12b0283aeb250475bdc0819e55b77b7a662aadb9
locale-link	uk/historia-brittonum-uk.md	links	historia-brittonum-how-it-was-made.md#no-false-echoes	../historia-brittonum-how-it-was-made.md#no-false-echoes	shared file one folder up	a17a6ae052c3dc03ab6ae9ea12b0283aeb250475bdc0819e55b77b7a662aadb9
locale-link	uk/historia-brittonum-uk.md	links	historia-brittonum-how-it-was-made.md#read-aloud	../historia-brittonum-how-it-was-made.md#read-aloud	shared file one folder up	a17a6ae052c3dc03ab6ae9ea12b0283aeb250475bdc0819e55b77b7a662aadb9
locale-link	uk/historia-brittonum-uk.md	links	historia-brittonum-how-it-was-made.md#scenes-read-for-movement	../historia-brittonum-how-it-was-made.md#scenes-read-for-movement	shared file one folder up	a17a6ae052c3dc03ab6ae9ea12b0283aeb250475bdc0819e55b77b7a662aadb9
locale-link	uk/historia-brittonum-uk.md	links	historia-brittonum-how-it-was-made.md#checked-against-the-scan	../historia-brittonum-how-it-was-made.md#checked-against-the-scan	shared file one folder up	a17a6ae052c3dc03ab6ae9ea12b0283aeb250475bdc0819e55b77b7a662aadb9
locale-link	uk/historia-brittonum-uk.md	links	historia-brittonum-how-it-was-made.md#sources-named	../historia-brittonum-how-it-was-made.md#sources-named	shared file one folder up	a17a6ae052c3dc03ab6ae9ea12b0283aeb250475bdc0819e55b77b7a662aadb9
locale-link	uk/historia-brittonum-uk.md	links	historia-brittonum-how-it-was-made.md#honest-where-unsure	../historia-brittonum-how-it-was-made.md#honest-where-unsure	shared file one folder up	a17a6ae052c3dc03ab6ae9ea12b0283aeb250475bdc0819e55b77b7a662aadb9
locale-link	uk/historia-brittonum-uk.md	links	historia-brittonum-how-it-was-made.md#no-borrowed-wording	../historia-brittonum-how-it-was-made.md#no-borrowed-wording	shared file one folder up	a17a6ae052c3dc03ab6ae9ea12b0283aeb250475bdc0819e55b77b7a662aadb9
locale-link	uk/historia-brittonum-uk.md	links	historia-brittonum-how-it-was-made.md#translated-by-manifest	../historia-brittonum-how-it-was-made.md#translated-by-manifest	shared file one folder up	a17a6ae052c3dc03ab6ae9ea12b0283aeb250475bdc0819e55b77b7a662aadb9
locale-link	uk/historia-brittonum-uk.md	links	historia-brittonum-how-it-was-made.md#every-choice-logged	../historia-brittonum-how-it-was-made.md#every-choice-logged	shared file one folder up	a17a6ae052c3dc03ab6ae9ea12b0283aeb250475bdc0819e55b77b7a662aadb9
locale-link	uk/historia-brittonum-uk.md	links	historia-brittonum-how-it-was-made.md#changes-carried-everywhere	../historia-brittonum-how-it-was-made.md#changes-carried-everywhere	shared file one folder up	a17a6ae052c3dc03ab6ae9ea12b0283aeb250475bdc0819e55b77b7a662aadb9
locale-link	uk/historia-brittonum-uk.md	links	historia-brittonum-how-it-was-made.md#story-headings	../historia-brittonum-how-it-was-made.md#story-headings	shared file one folder up	a17a6ae052c3dc03ab6ae9ea12b0283aeb250475bdc0819e55b77b7a662aadb9
locale-link	uk/historia-brittonum-uk.md	links	historia-brittonum-how-it-was-made.md#matching-outlines	../historia-brittonum-how-it-was-made.md#matching-outlines	shared file one folder up	a17a6ae052c3dc03ab6ae9ea12b0283aeb250475bdc0819e55b77b7a662aadb9
locale-link	uk/historia-brittonum-uk.md	links	historia-brittonum-how-it-was-made.md#laid-out-for-screens	../historia-brittonum-how-it-was-made.md#laid-out-for-screens	shared file one folder up	a17a6ae052c3dc03ab6ae9ea12b0283aeb250475bdc0819e55b77b7a662aadb9
locale-link	uk/historia-brittonum-uk.md	links	historia-brittonum-how-it-was-made.md#pages-linked-to-scans	../historia-brittonum-how-it-was-made.md#pages-linked-to-scans	shared file one folder up	a17a6ae052c3dc03ab6ae9ea12b0283aeb250475bdc0819e55b77b7a662aadb9
locale-link	uk/historia-brittonum-uk.md	links	historia-brittonum-how-it-was-made.md#endnotes	../historia-brittonum-how-it-was-made.md#endnotes	shared file one folder up	a17a6ae052c3dc03ab6ae9ea12b0283aeb250475bdc0819e55b77b7a662aadb9
locale-link	uk/historia-brittonum-uk.md	links	historia-brittonum-how-it-was-made.md#additions-marked	../historia-brittonum-how-it-was-made.md#additions-marked	shared file one folder up	a17a6ae052c3dc03ab6ae9ea12b0283aeb250475bdc0819e55b77b7a662aadb9
locale-link	uk/historia-brittonum-uk.md	links	historia-brittonum-how-it-was-made.md#sourced-glossary	../historia-brittonum-how-it-was-made.md#sourced-glossary	shared file one folder up	a17a6ae052c3dc03ab6ae9ea12b0283aeb250475bdc0819e55b77b7a662aadb9
locale-link	uk/historia-brittonum-uk.md	links	historia-brittonum-how-it-was-made.md#modern-names	../historia-brittonum-how-it-was-made.md#modern-names	shared file one folder up	a17a6ae052c3dc03ab6ae9ea12b0283aeb250475bdc0819e55b77b7a662aadb9
locale-link	uk/historia-brittonum-uk.md	links	historia-brittonum-how-it-was-made.md#places-located-from-sources	../historia-brittonum-how-it-was-made.md#places-located-from-sources	shared file one folder up	a17a6ae052c3dc03ab6ae9ea12b0283aeb250475bdc0819e55b77b7a662aadb9
locale-link	uk/historia-brittonum-uk.md	links	historia-brittonum-how-it-was-made.md#no-guessed-identities	../historia-brittonum-how-it-was-made.md#no-guessed-identities	shared file one folder up	a17a6ae052c3dc03ab6ae9ea12b0283aeb250475bdc0819e55b77b7a662aadb9
locale-link	uk/historia-brittonum-uk.md	links	historia-brittonum-how-it-was-made.md#no-common-words-glossed	../historia-brittonum-how-it-was-made.md#no-common-words-glossed	shared file one folder up	a17a6ae052c3dc03ab6ae9ea12b0283aeb250475bdc0819e55b77b7a662aadb9
locale-link	uk/historia-brittonum-uk.md	links	historia-brittonum-how-it-was-made.md#free-with-credit	../historia-brittonum-how-it-was-made.md#free-with-credit	shared file one folder up	a17a6ae052c3dc03ab6ae9ea12b0283aeb250475bdc0819e55b77b7a662aadb9
locale-link	uk/historia-brittonum-uk.md	links	../annales-cambriae/annales-cambriae.md	../../annales-cambriae/annales-cambriae.md	shared file one folder up	a17a6ae052c3dc03ab6ae9ea12b0283aeb250475bdc0819e55b77b7a662aadb9
locale-link	uk/historia-brittonum-uk.md	links	made-with.md#why-1	../made-with.md#why-1	shared file one folder up	a17a6ae052c3dc03ab6ae9ea12b0283aeb250475bdc0819e55b77b7a662aadb9
locale-link	uk/historia-brittonum-uk.md	links	made-with.md#why-2	../made-with.md#why-2	shared file one folder up	a17a6ae052c3dc03ab6ae9ea12b0283aeb250475bdc0819e55b77b7a662aadb9
locale-link	uk/historia-brittonum-uk.md	links	made-with.md#why-3	../made-with.md#why-3	shared file one folder up	a17a6ae052c3dc03ab6ae9ea12b0283aeb250475bdc0819e55b77b7a662aadb9
locale-link	uk/historia-brittonum-uk.md	links	made-with.md#why-4	../made-with.md#why-4	shared file one folder up	a17a6ae052c3dc03ab6ae9ea12b0283aeb250475bdc0819e55b77b7a662aadb9
locale-link	uk/historia-brittonum-uk.md	links	historia-brittonum-latin.md#page-145	../historia-brittonum-latin.md#page-145	shared file one folder up	a17a6ae052c3dc03ab6ae9ea12b0283aeb250475bdc0819e55b77b7a662aadb9
locale-link	uk/historia-brittonum-uk.md	links	historia-brittonum-latin.md#page-146	../historia-brittonum-latin.md#page-146	shared file one folder up	a17a6ae052c3dc03ab6ae9ea12b0283aeb250475bdc0819e55b77b7a662aadb9
locale-link	uk/historia-brittonum-uk.md	links	historia-brittonum-latin.md#page-147	../historia-brittonum-latin.md#page-147	shared file one folder up	a17a6ae052c3dc03ab6ae9ea12b0283aeb250475bdc0819e55b77b7a662aadb9
locale-link	uk/historia-brittonum-uk.md	links	historia-brittonum-latin.md#page-148	../historia-brittonum-latin.md#page-148	shared file one folder up	a17a6ae052c3dc03ab6ae9ea12b0283aeb250475bdc0819e55b77b7a662aadb9
locale-link	uk/historia-brittonum-uk.md	links	historia-brittonum-latin.md#page-149	../historia-brittonum-latin.md#page-149	shared file one folder up	a17a6ae052c3dc03ab6ae9ea12b0283aeb250475bdc0819e55b77b7a662aadb9
locale-link	uk/historia-brittonum-uk.md	links	historia-brittonum-latin.md#page-150	../historia-brittonum-latin.md#page-150	shared file one folder up	a17a6ae052c3dc03ab6ae9ea12b0283aeb250475bdc0819e55b77b7a662aadb9
locale-link	uk/historia-brittonum-uk.md	links	historia-brittonum-latin.md#page-151	../historia-brittonum-latin.md#page-151	shared file one folder up	a17a6ae052c3dc03ab6ae9ea12b0283aeb250475bdc0819e55b77b7a662aadb9
locale-link	uk/historia-brittonum-uk.md	links	historia-brittonum-latin.md#page-152	../historia-brittonum-latin.md#page-152	shared file one folder up	a17a6ae052c3dc03ab6ae9ea12b0283aeb250475bdc0819e55b77b7a662aadb9
locale-link	uk/historia-brittonum-uk.md	links	historia-brittonum-latin.md#page-153	../historia-brittonum-latin.md#page-153	shared file one folder up	a17a6ae052c3dc03ab6ae9ea12b0283aeb250475bdc0819e55b77b7a662aadb9
locale-link	uk/historia-brittonum-uk.md	links	historia-brittonum-latin.md#page-154	../historia-brittonum-latin.md#page-154	shared file one folder up	a17a6ae052c3dc03ab6ae9ea12b0283aeb250475bdc0819e55b77b7a662aadb9
locale-link	uk/historia-brittonum-uk.md	links	historia-brittonum-latin.md#page-155	../historia-brittonum-latin.md#page-155	shared file one folder up	a17a6ae052c3dc03ab6ae9ea12b0283aeb250475bdc0819e55b77b7a662aadb9
locale-link	uk/historia-brittonum-uk.md	links	historia-brittonum-latin.md#page-156	../historia-brittonum-latin.md#page-156	shared file one folder up	a17a6ae052c3dc03ab6ae9ea12b0283aeb250475bdc0819e55b77b7a662aadb9
locale-link	uk/historia-brittonum-uk.md	links	historia-brittonum-latin.md#page-157	../historia-brittonum-latin.md#page-157	shared file one folder up	a17a6ae052c3dc03ab6ae9ea12b0283aeb250475bdc0819e55b77b7a662aadb9
locale-link	uk/historia-brittonum-uk.md	links	historia-brittonum-latin.md#page-158	../historia-brittonum-latin.md#page-158	shared file one folder up	a17a6ae052c3dc03ab6ae9ea12b0283aeb250475bdc0819e55b77b7a662aadb9
locale-link	uk/historia-brittonum-uk.md	links	historia-brittonum-latin.md#page-159	../historia-brittonum-latin.md#page-159	shared file one folder up	a17a6ae052c3dc03ab6ae9ea12b0283aeb250475bdc0819e55b77b7a662aadb9
locale-link	uk/historia-brittonum-uk.md	links	historia-brittonum-latin.md#page-160	../historia-brittonum-latin.md#page-160	shared file one folder up	a17a6ae052c3dc03ab6ae9ea12b0283aeb250475bdc0819e55b77b7a662aadb9
locale-link	uk/historia-brittonum-uk.md	links	historia-brittonum-latin.md#page-161	../historia-brittonum-latin.md#page-161	shared file one folder up	a17a6ae052c3dc03ab6ae9ea12b0283aeb250475bdc0819e55b77b7a662aadb9
locale-link	uk/historia-brittonum-uk.md	links	historia-brittonum-latin.md#page-162	../historia-brittonum-latin.md#page-162	shared file one folder up	a17a6ae052c3dc03ab6ae9ea12b0283aeb250475bdc0819e55b77b7a662aadb9
locale-link	uk/historia-brittonum-uk.md	links	historia-brittonum-latin.md#page-163	../historia-brittonum-latin.md#page-163	shared file one folder up	a17a6ae052c3dc03ab6ae9ea12b0283aeb250475bdc0819e55b77b7a662aadb9
locale-link	uk/historia-brittonum-uk.md	links	historia-brittonum-latin.md#page-164	../historia-brittonum-latin.md#page-164	shared file one folder up	a17a6ae052c3dc03ab6ae9ea12b0283aeb250475bdc0819e55b77b7a662aadb9
locale-link	uk/historia-brittonum-uk.md	links	historia-brittonum-latin.md#page-165	../historia-brittonum-latin.md#page-165	shared file one folder up	a17a6ae052c3dc03ab6ae9ea12b0283aeb250475bdc0819e55b77b7a662aadb9
locale-link	uk/historia-brittonum-uk.md	links	historia-brittonum-latin.md#page-166	../historia-brittonum-latin.md#page-166	shared file one folder up	a17a6ae052c3dc03ab6ae9ea12b0283aeb250475bdc0819e55b77b7a662aadb9
locale-link	uk/historia-brittonum-uk.md	links	historia-brittonum-latin.md#page-167	../historia-brittonum-latin.md#page-167	shared file one folder up	a17a6ae052c3dc03ab6ae9ea12b0283aeb250475bdc0819e55b77b7a662aadb9
locale-link	uk/historia-brittonum-uk.md	links	historia-brittonum-latin.md#page-168	../historia-brittonum-latin.md#page-168	shared file one folder up	a17a6ae052c3dc03ab6ae9ea12b0283aeb250475bdc0819e55b77b7a662aadb9
locale-link	uk/historia-brittonum-uk.md	links	historia-brittonum-latin.md#page-169	../historia-brittonum-latin.md#page-169	shared file one folder up	a17a6ae052c3dc03ab6ae9ea12b0283aeb250475bdc0819e55b77b7a662aadb9
locale-link	uk/historia-brittonum-uk.md	links	historia-brittonum-latin.md#page-170	../historia-brittonum-latin.md#page-170	shared file one folder up	a17a6ae052c3dc03ab6ae9ea12b0283aeb250475bdc0819e55b77b7a662aadb9
locale-link	uk/historia-brittonum-uk.md	links	historia-brittonum-latin.md#page-171	../historia-brittonum-latin.md#page-171	shared file one folder up	a17a6ae052c3dc03ab6ae9ea12b0283aeb250475bdc0819e55b77b7a662aadb9
locale-link	uk/historia-brittonum-uk.md	links	historia-brittonum-latin.md#page-172	../historia-brittonum-latin.md#page-172	shared file one folder up	a17a6ae052c3dc03ab6ae9ea12b0283aeb250475bdc0819e55b77b7a662aadb9
locale-link	uk/historia-brittonum-uk.md	links	historia-brittonum-latin.md#page-173	../historia-brittonum-latin.md#page-173	shared file one folder up	a17a6ae052c3dc03ab6ae9ea12b0283aeb250475bdc0819e55b77b7a662aadb9
locale-link	uk/historia-brittonum-uk.md	links	historia-brittonum-latin.md#page-174	../historia-brittonum-latin.md#page-174	shared file one folder up	a17a6ae052c3dc03ab6ae9ea12b0283aeb250475bdc0819e55b77b7a662aadb9
locale-link	uk/historia-brittonum-uk.md	links	historia-brittonum-latin.md#page-175	../historia-brittonum-latin.md#page-175	shared file one folder up	a17a6ae052c3dc03ab6ae9ea12b0283aeb250475bdc0819e55b77b7a662aadb9
locale-link	uk/historia-brittonum-uk.md	links	historia-brittonum-latin.md#page-176	../historia-brittonum-latin.md#page-176	shared file one folder up	a17a6ae052c3dc03ab6ae9ea12b0283aeb250475bdc0819e55b77b7a662aadb9
locale-link	uk/historia-brittonum-uk.md	links	historia-brittonum-latin.md#page-177	../historia-brittonum-latin.md#page-177	shared file one folder up	a17a6ae052c3dc03ab6ae9ea12b0283aeb250475bdc0819e55b77b7a662aadb9
locale-link	uk/historia-brittonum-uk.md	links	historia-brittonum-latin.md#page-178	../historia-brittonum-latin.md#page-178	shared file one folder up	a17a6ae052c3dc03ab6ae9ea12b0283aeb250475bdc0819e55b77b7a662aadb9
locale-link	uk/historia-brittonum-uk.md	links	historia-brittonum-latin.md#page-179	../historia-brittonum-latin.md#page-179	shared file one folder up	a17a6ae052c3dc03ab6ae9ea12b0283aeb250475bdc0819e55b77b7a662aadb9
locale-link	uk/historia-brittonum-uk.md	links	historia-brittonum-latin.md#page-180	../historia-brittonum-latin.md#page-180	shared file one folder up	a17a6ae052c3dc03ab6ae9ea12b0283aeb250475bdc0819e55b77b7a662aadb9
locale-link	uk/historia-brittonum-uk.md	links	historia-brittonum-latin.md#page-181	../historia-brittonum-latin.md#page-181	shared file one folder up	a17a6ae052c3dc03ab6ae9ea12b0283aeb250475bdc0819e55b77b7a662aadb9
locale-link	uk/historia-brittonum-uk.md	links	historia-brittonum-latin.md#page-182	../historia-brittonum-latin.md#page-182	shared file one folder up	a17a6ae052c3dc03ab6ae9ea12b0283aeb250475bdc0819e55b77b7a662aadb9
locale-link	uk/historia-brittonum-uk.md	links	historia-brittonum-latin.md#page-183	../historia-brittonum-latin.md#page-183	shared file one folder up	a17a6ae052c3dc03ab6ae9ea12b0283aeb250475bdc0819e55b77b7a662aadb9
locale-link	uk/historia-brittonum-uk.md	links	historia-brittonum-latin.md#page-184	../historia-brittonum-latin.md#page-184	shared file one folder up	a17a6ae052c3dc03ab6ae9ea12b0283aeb250475bdc0819e55b77b7a662aadb9
locale-link	uk/historia-brittonum-uk.md	links	historia-brittonum-latin.md#page-185	../historia-brittonum-latin.md#page-185	shared file one folder up	a17a6ae052c3dc03ab6ae9ea12b0283aeb250475bdc0819e55b77b7a662aadb9
locale-link	uk/historia-brittonum-uk.md	links	historia-brittonum-latin.md#page-186	../historia-brittonum-latin.md#page-186	shared file one folder up	a17a6ae052c3dc03ab6ae9ea12b0283aeb250475bdc0819e55b77b7a662aadb9
locale-link	uk/historia-brittonum-uk.md	links	historia-brittonum-latin.md#page-187	../historia-brittonum-latin.md#page-187	shared file one folder up	a17a6ae052c3dc03ab6ae9ea12b0283aeb250475bdc0819e55b77b7a662aadb9
locale-link	uk/historia-brittonum-uk.md	links	historia-brittonum-latin.md#page-188	../historia-brittonum-latin.md#page-188	shared file one folder up	a17a6ae052c3dc03ab6ae9ea12b0283aeb250475bdc0819e55b77b7a662aadb9
locale-link	uk/historia-brittonum-uk.md	links	historia-brittonum-latin.md#page-189	../historia-brittonum-latin.md#page-189	shared file one folder up	a17a6ae052c3dc03ab6ae9ea12b0283aeb250475bdc0819e55b77b7a662aadb9
locale-link	uk/historia-brittonum-uk.md	links	historia-brittonum-latin.md#page-190	../historia-brittonum-latin.md#page-190	shared file one folder up	a17a6ae052c3dc03ab6ae9ea12b0283aeb250475bdc0819e55b77b7a662aadb9
locale-link	uk/historia-brittonum-uk.md	links	historia-brittonum-latin.md#page-191	../historia-brittonum-latin.md#page-191	shared file one folder up	a17a6ae052c3dc03ab6ae9ea12b0283aeb250475bdc0819e55b77b7a662aadb9
locale-link	uk/historia-brittonum-uk.md	links	historia-brittonum-latin.md#page-192	../historia-brittonum-latin.md#page-192	shared file one folder up	a17a6ae052c3dc03ab6ae9ea12b0283aeb250475bdc0819e55b77b7a662aadb9
locale-link	uk/historia-brittonum-uk.md	links	historia-brittonum-latin.md#page-193	../historia-brittonum-latin.md#page-193	shared file one folder up	a17a6ae052c3dc03ab6ae9ea12b0283aeb250475bdc0819e55b77b7a662aadb9
locale-link	uk/historia-brittonum-uk.md	links	historia-brittonum-latin.md#page-194	../historia-brittonum-latin.md#page-194	shared file one folder up	a17a6ae052c3dc03ab6ae9ea12b0283aeb250475bdc0819e55b77b7a662aadb9
locale-link	uk/historia-brittonum-uk.md	links	historia-brittonum-latin.md#page-195	../historia-brittonum-latin.md#page-195	shared file one folder up	a17a6ae052c3dc03ab6ae9ea12b0283aeb250475bdc0819e55b77b7a662aadb9
locale-link	uk/historia-brittonum-uk.md	links	historia-brittonum-latin.md#page-196	../historia-brittonum-latin.md#page-196	shared file one folder up	a17a6ae052c3dc03ab6ae9ea12b0283aeb250475bdc0819e55b77b7a662aadb9
locale-link	uk/historia-brittonum-uk.md	links	historia-brittonum-latin.md#page-197	../historia-brittonum-latin.md#page-197	shared file one folder up	a17a6ae052c3dc03ab6ae9ea12b0283aeb250475bdc0819e55b77b7a662aadb9
locale-link	uk/historia-brittonum-uk.md	links	historia-brittonum-latin.md#page-198	../historia-brittonum-latin.md#page-198	shared file one folder up	a17a6ae052c3dc03ab6ae9ea12b0283aeb250475bdc0819e55b77b7a662aadb9
locale-link	uk/historia-brittonum-uk.md	links	historia-brittonum-latin.md#page-199	../historia-brittonum-latin.md#page-199	shared file one folder up	a17a6ae052c3dc03ab6ae9ea12b0283aeb250475bdc0819e55b77b7a662aadb9
locale-link	uk/historia-brittonum-uk.md	links	historia-brittonum-latin.md#page-200	../historia-brittonum-latin.md#page-200	shared file one folder up	a17a6ae052c3dc03ab6ae9ea12b0283aeb250475bdc0819e55b77b7a662aadb9
locale-link	uk/historia-brittonum-uk.md	links	historia-brittonum-latin.md#page-201	../historia-brittonum-latin.md#page-201	shared file one folder up	a17a6ae052c3dc03ab6ae9ea12b0283aeb250475bdc0819e55b77b7a662aadb9
locale-link	uk/historia-brittonum-uk.md	links	historia-brittonum-latin.md#page-202	../historia-brittonum-latin.md#page-202	shared file one folder up	a17a6ae052c3dc03ab6ae9ea12b0283aeb250475bdc0819e55b77b7a662aadb9
locale-link	uk/historia-brittonum-uk.md	links	historia-brittonum-latin.md#page-203	../historia-brittonum-latin.md#page-203	shared file one folder up	a17a6ae052c3dc03ab6ae9ea12b0283aeb250475bdc0819e55b77b7a662aadb9
locale-link	uk/historia-brittonum-uk.md	links	historia-brittonum-latin.md#page-204	../historia-brittonum-latin.md#page-204	shared file one folder up	a17a6ae052c3dc03ab6ae9ea12b0283aeb250475bdc0819e55b77b7a662aadb9
locale-link	uk/historia-brittonum-uk.md	links	historia-brittonum-latin.md#page-205	../historia-brittonum-latin.md#page-205	shared file one folder up	a17a6ae052c3dc03ab6ae9ea12b0283aeb250475bdc0819e55b77b7a662aadb9
locale-link	uk/historia-brittonum-uk.md	links	historia-brittonum-latin.md#page-206	../historia-brittonum-latin.md#page-206	shared file one folder up	a17a6ae052c3dc03ab6ae9ea12b0283aeb250475bdc0819e55b77b7a662aadb9
locale-link	uk/historia-brittonum-uk.md	links	historia-brittonum-latin.md#page-207	../historia-brittonum-latin.md#page-207	shared file one folder up	a17a6ae052c3dc03ab6ae9ea12b0283aeb250475bdc0819e55b77b7a662aadb9
locale-link	uk/historia-brittonum-uk.md	links	historia-brittonum-latin.md#page-208	../historia-brittonum-latin.md#page-208	shared file one folder up	a17a6ae052c3dc03ab6ae9ea12b0283aeb250475bdc0819e55b77b7a662aadb9
locale-link	uk/historia-brittonum-uk.md	links	historia-brittonum-latin.md#page-209	../historia-brittonum-latin.md#page-209	shared file one folder up	a17a6ae052c3dc03ab6ae9ea12b0283aeb250475bdc0819e55b77b7a662aadb9
locale-link	uk/historia-brittonum-uk.md	links	historia-brittonum-latin.md#page-210	../historia-brittonum-latin.md#page-210	shared file one folder up	a17a6ae052c3dc03ab6ae9ea12b0283aeb250475bdc0819e55b77b7a662aadb9
locale-link	uk/historia-brittonum-uk.md	links	historia-brittonum-latin.md#page-211	../historia-brittonum-latin.md#page-211	shared file one folder up	a17a6ae052c3dc03ab6ae9ea12b0283aeb250475bdc0819e55b77b7a662aadb9
locale-link	uk/historia-brittonum-uk.md	links	historia-brittonum-latin.md#page-212	../historia-brittonum-latin.md#page-212	shared file one folder up	a17a6ae052c3dc03ab6ae9ea12b0283aeb250475bdc0819e55b77b7a662aadb9
locale-link	uk/historia-brittonum-uk.md	links	historia-brittonum-latin.md#page-213	../historia-brittonum-latin.md#page-213	shared file one folder up	a17a6ae052c3dc03ab6ae9ea12b0283aeb250475bdc0819e55b77b7a662aadb9
locale-link	uk/historia-brittonum-uk.md	links	historia-brittonum-latin.md#page-214	../historia-brittonum-latin.md#page-214	shared file one folder up	a17a6ae052c3dc03ab6ae9ea12b0283aeb250475bdc0819e55b77b7a662aadb9
locale-link	uk/historia-brittonum-uk.md	links	historia-brittonum-latin.md#page-215	../historia-brittonum-latin.md#page-215	shared file one folder up	a17a6ae052c3dc03ab6ae9ea12b0283aeb250475bdc0819e55b77b7a662aadb9
locale-link	uk/historia-brittonum-uk.md	links	historia-brittonum-latin.md#page-216	../historia-brittonum-latin.md#page-216	shared file one folder up	a17a6ae052c3dc03ab6ae9ea12b0283aeb250475bdc0819e55b77b7a662aadb9
locale-link	uk/historia-brittonum-uk.md	links	historia-brittonum-latin.md#page-217	../historia-brittonum-latin.md#page-217	shared file one folder up	a17a6ae052c3dc03ab6ae9ea12b0283aeb250475bdc0819e55b77b7a662aadb9
locale-link	uk/historia-brittonum-uk.md	links	historia-brittonum-latin.md#page-218	../historia-brittonum-latin.md#page-218	shared file one folder up	a17a6ae052c3dc03ab6ae9ea12b0283aeb250475bdc0819e55b77b7a662aadb9
locale-link	uk/historia-brittonum-uk.md	links	historia-brittonum-latin.md#page-219	../historia-brittonum-latin.md#page-219	shared file one folder up	a17a6ae052c3dc03ab6ae9ea12b0283aeb250475bdc0819e55b77b7a662aadb9
locale-link	uk/historia-brittonum-uk.md	links	historia-brittonum-scans.md	../historia-brittonum-scans.md	shared file one folder up	a17a6ae052c3dc03ab6ae9ea12b0283aeb250475bdc0819e55b77b7a662aadb9
locale-link	uk/historia-brittonum-uk.md	links	../arthurian-shelf/story-map.md#the-ages-of-the-world-are-counted	../../arthurian-shelf/story-map.md#the-ages-of-the-world-are-counted	shared file one folder up	a17a6ae052c3dc03ab6ae9ea12b0283aeb250475bdc0819e55b77b7a662aadb9
locale-link	uk/historia-brittonum-uk.md	links	../arthurian-shelf/story-map.md#the-first-peoples-settle-britain-and-ireland	../../arthurian-shelf/story-map.md#the-first-peoples-settle-britain-and-ireland	shared file one folder up	a17a6ae052c3dc03ab6ae9ea12b0283aeb250475bdc0819e55b77b7a662aadb9
locale-link	uk/historia-brittonum-uk.md	links	../arthurian-shelf/story-map.md#the-romans-rule-britain	../../arthurian-shelf/story-map.md#the-romans-rule-britain	shared file one folder up	a17a6ae052c3dc03ab6ae9ea12b0283aeb250475bdc0819e55b77b7a662aadb9
locale-link	uk/historia-brittonum-uk.md	links	../arthurian-shelf/story-map.md#hengist-and-horsa-land-on-thanet	../../arthurian-shelf/story-map.md#hengist-and-horsa-land-on-thanet	shared file one folder up	a17a6ae052c3dc03ab6ae9ea12b0283aeb250475bdc0819e55b77b7a662aadb9
locale-link	uk/historia-brittonum-uk.md	links	../arthurian-shelf/story-map.md#germanus-makes-a-servant-a-king	../../arthurian-shelf/story-map.md#germanus-makes-a-servant-a-king	shared file one folder up	a17a6ae052c3dc03ab6ae9ea12b0283aeb250475bdc0819e55b77b7a662aadb9
locale-link	uk/historia-brittonum-uk.md	links	../arthurian-shelf/story-map.md#vortigern-marries-hengists-daughter	../../arthurian-shelf/story-map.md#vortigern-marries-hengists-daughter	shared file one folder up	a17a6ae052c3dc03ab6ae9ea12b0283aeb250475bdc0819e55b77b7a662aadb9
locale-link	uk/historia-brittonum-uk.md	links	../arthurian-shelf/story-map.md#germanus-rebukes-vortigern	../../arthurian-shelf/story-map.md#germanus-rebukes-vortigern	shared file one folder up	a17a6ae052c3dc03ab6ae9ea12b0283aeb250475bdc0819e55b77b7a662aadb9
locale-link	uk/historia-brittonum-uk.md	links	../arthurian-shelf/story-map.md#vortigerns-tower-keeps-falling	../../arthurian-shelf/story-map.md#vortigerns-tower-keeps-falling	shared file one folder up	a17a6ae052c3dc03ab6ae9ea12b0283aeb250475bdc0819e55b77b7a662aadb9
locale-link	uk/historia-brittonum-uk.md	links	../arthurian-shelf/story-map.md#merlin-shows-vortigern-the-dragons	../../arthurian-shelf/story-map.md#merlin-shows-vortigern-the-dragons	shared file one folder up	a17a6ae052c3dc03ab6ae9ea12b0283aeb250475bdc0819e55b77b7a662aadb9
locale-link	uk/historia-brittonum-uk.md	links	../merlin/merlin.md#merlin-shames-the-clerks-and-tells-vortigern-what-lies-under-the-tower	../../merlin/merlin.md#merlin-shames-the-clerks-and-tells-vortigern-what-lies-under-the-tower	shared file one folder up	a17a6ae052c3dc03ab6ae9ea12b0283aeb250475bdc0819e55b77b7a662aadb9
locale-link	uk/historia-brittonum-uk.md	links	../arthurian-shelf/story-map.md#vortimer-fights-the-saxons	../../arthurian-shelf/story-map.md#vortimer-fights-the-saxons	shared file one folder up	a17a6ae052c3dc03ab6ae9ea12b0283aeb250475bdc0819e55b77b7a662aadb9
locale-link	uk/historia-brittonum-uk.md	links	../arthurian-shelf/story-map.md#hengists-men-murder-the-british-lords	../../arthurian-shelf/story-map.md#hengists-men-murder-the-british-lords	shared file one folder up	a17a6ae052c3dc03ab6ae9ea12b0283aeb250475bdc0819e55b77b7a662aadb9
locale-link	uk/historia-brittonum-uk.md	links	../arthurian-shelf/story-map.md#vortigern-flees-from-germanus	../../arthurian-shelf/story-map.md#vortigern-flees-from-germanus	shared file one folder up	a17a6ae052c3dc03ab6ae9ea12b0283aeb250475bdc0819e55b77b7a662aadb9
locale-link	uk/historia-brittonum-uk.md	links	../arthurian-shelf/story-map.md#patrick-preaches-to-the-irish	../../arthurian-shelf/story-map.md#patrick-preaches-to-the-irish	shared file one folder up	a17a6ae052c3dc03ab6ae9ea12b0283aeb250475bdc0819e55b77b7a662aadb9
locale-link	uk/historia-brittonum-uk.md	links	../arthurian-shelf/story-map.md#arthurs-twelve-battles	../../arthurian-shelf/story-map.md#arthurs-twelve-battles	shared file one folder up	a17a6ae052c3dc03ab6ae9ea12b0283aeb250475bdc0819e55b77b7a662aadb9
locale-link	uk/historia-brittonum-uk.md	links	../arthurian-shelf/story-map.md#the-english-kings-families-are-traced	../../arthurian-shelf/story-map.md#the-english-kings-families-are-traced	shared file one folder up	a17a6ae052c3dc03ab6ae9ea12b0283aeb250475bdc0819e55b77b7a662aadb9
locale-link	uk/historia-brittonum-uk.md	links	../arthurian-shelf/story-map.md#the-britons-fight-the-english-kings	../../arthurian-shelf/story-map.md#the-britons-fight-the-english-kings	shared file one folder up	a17a6ae052c3dc03ab6ae9ea12b0283aeb250475bdc0819e55b77b7a662aadb9
locale-link	uk/historia-brittonum-uk.md	links	../arthurian-shelf/story-map.md#the-ages-of-the-world-are-counted	../../arthurian-shelf/story-map.md#the-ages-of-the-world-are-counted	shared file one folder up	a17a6ae052c3dc03ab6ae9ea12b0283aeb250475bdc0819e55b77b7a662aadb9
locale-link	uk/historia-brittonum-uk.md	links	../arthurian-shelf/story-map.md#the-cities-of-britain-are-named	../../arthurian-shelf/story-map.md#the-cities-of-britain-are-named	shared file one folder up	a17a6ae052c3dc03ab6ae9ea12b0283aeb250475bdc0819e55b77b7a662aadb9
locale-link	uk/historia-brittonum-uk.md	links	../arthurian-shelf/story-map.md#britains-strange-sights	../../arthurian-shelf/story-map.md#britains-strange-sights	shared file one folder up	a17a6ae052c3dc03ab6ae9ea12b0283aeb250475bdc0819e55b77b7a662aadb9
