id	kind	us	target	scope	reason
milia-britain	measure	eight hundred miles long	eight hundred miles long	all	Source: in longitudine octingentorum milium, Mommsen 147, Britain's length and breadth; a Roman mile of about 1,480 m; the US keeps the source's round count in miles, and ONS keeps miles for distance, so UK reads as US; reaches page 147
milia-britain	exception	eight hundred miles long	eight hundred miles long	page-147	A distance stays in miles in the UK edition
milia-wall	measure	a hundred thirty-two miles	a hundred thirty-two miles	all	Source: CXXXII milia passuum, Mommsen 165, Severus's wall; a Roman mile of about 1,480 m; ONS keeps miles for distance, so UK keeps the source's count in miles; reaches page 165
milia-wall	exception	a hundred thirty-two miles	a hundred thirty-two miles	page-165	A distance stays in miles in the UK edition
milia-note	measure	about four thousand eight hundred fifty feet	nearly a kilometre and a half	all	Source: mille passus, the Roman mile of endnote 165-1, about 1,480 m; US gives it in feet, UK in metric by ONS, rounded as loosely as a note needs; reaches endnote 165-1
pedes-spring	measure	twenty feet long	about six metres long	all	Source: viginti pedum, Mommsen 215, the spring of Finnaun Guur Helic; a Roman foot of about 29.6 cm, so twenty are about 5.9 m; ONS gives metric for a size, rounded to about six metres; reaches page 215
pedes-mound	measure	six feet long one time, nine another, then twelve, then fifteen	six feet long one time, nine another, then twelve, then fifteen	all	Source: sex pedes, novem, duodecim, quindecim, Mommsen 217 and 218, Anir's mound; Roman feet of about 29.6 cm, about 1.8 m to 4.4 m; UK keeps the source's own feet, since the count climbs by threes and a metric figure would lose it
pedes-mound	exception	six feet long one time, nine another, then twelve, then fifteen	six feet long one time, nine another, then twelve, then fifteen	page-218	Anir's mound keeps the source's own feet in both editions, its count climbing by threes
cubitorum-grave	measure	even six feet tall	even six feet tall	all	Source: quattuor cubitorum, Mommsen 218, a tall man at the Cruc Maur grave; a cubit about 44 cm, so four are about 1.8 m; a person's height is said in feet in UK speech, which ONS allows, so UK reads as US
cubitorum-grave	exception	even six feet tall	even six feet tall	page-218	A person's height stays in feet in the UK edition
