id	when	kind	key	pages	before	after	reason
1	8 October 2026, 10:10pm	heading		outline	Part 6: Vortimer fights the Saxons, and Hengist's men murder the British lords at a feast	Part 6: Vortimer fights the Saxons, and Hengist's men murder Vortigern's lords at a meeting	the history sets the murder at a peace meeting, not a feast, as Part 6's own section heading says; found reading the outline alone
2	9 October 2026, 8:33am	manifest	name:catell durnluc	176	Cadell Ddyrnllug	Cadell Ddyrnllwg	Review: every name as its Wikipedia article spells it, by /glossary's rule on names, on the owner's word of 9 October 2026, 7:47am
3	9 October 2026, 8:33am	manifest	name:hereri	182	Eryri	Snowdonia	Review: every name as its Wikipedia article spells it, by /glossary's rule on names, on the owner's word of 9 October 2026, 7:47am
4	9 October 2026, 8:33am	manifest	name:loygare	196	Loegaire	Lóegaire	Review: every name as its Wikipedia article spells it, by /glossary's rule on names, on the owner's word of 9 October 2026, 7:47am
5	9 October 2026, 8:33am	manifest	name:guallanc	206	Gwallawg	Gwallog	Review: every name as its Wikipedia article spells it, by /glossary's rule on names, on the owner's word of 9 October 2026, 7:47am
6	9 October 2026, 8:33am	heading		outline	Hengist has Vortigern send for Octha and Ebissa to fight in the north	Hengist has Vortigern send for Octa and Ebissa to fight in the north	Review: every name as its Wikipedia article spells it, by /glossary's rule on names, on the owner's word of 9 October 2026, 7:47am
7	9 October 2026, 8:33am	heading		outline	Vortigern's line is traced back from Fernmail, who rules Builth now	Vortigern's line is traced back from Ffernfael, who rules Builth now	Review: every name as its Wikipedia article spells it, by /glossary's rule on names, on the owner's word of 9 October 2026, 7:47am
8	9 October 2026, 8:33am	heading		outline	The years are counted to the Irish baptism, and Patrick begins under King Loegaire	The years are counted to the Irish baptism, and Patrick begins under King Lóegaire	Review: every name as its Wikipedia article spells it, by /glossary's rule on names, on the owner's word of 9 October 2026, 7:47am
9	9 October 2026, 8:33am	heading		outline	Octha comes to Kent, and Arthur leads the British kings in war	Octa comes to Kent, and Arthur leads the British kings in war	Review: every name as its Wikipedia article spells it, by /glossary's rule on names, on the owner's word of 9 October 2026, 7:47am
10	9 October 2026, 8:33am	sentence		171	Meanwhile three ships came, driven from Germany into exile, carrying Horsa and Hengist. They were brothers, children of Guictglis, and their line ran back, father to father, through Guigta, Guectha, Woden, Frealaf, Fredulf, Finn and Fodepald to Geta, who was, they say, a son of God. He wasn't the God of gods, amen, the God of armies, but one of the idols they worshiped.	Meanwhile three ships came, driven from Germany into exile, carrying Horsa and Hengist. They were brothers, children of Wihtgils, and their line ran back, father to father, through Witta, Wecta, Woden, Frealaf, Fredulf, Finn and Fodepald to Geta, who was, they say, a son of God. He wasn't the God of gods, amen, the God of armies, but one of the idols they worshiped.	Review: every name as its Wikipedia article spells it, by /glossary's rule on names, on the owner's word of 9 October 2026, 7:47am
11	9 October 2026, 8:33am	sentence		176	The next day the man who'd taken them in became a believer and was baptized with all his sons, and the whole district with them. His name was Cadell. Germanus blessed him. "Your line will never lack a king," he went on, "and you'll rule from today." This man is Cadell Ddyrnllug.	The next day the man who'd taken them in became a believer and was baptized with all his sons, and the whole district with them. His name was Cadell. Germanus blessed him. "Your line will never lack a king," he went on, "and you'll rule from today." This man is Cadell Ddyrnllwg.	Review: every name as its Wikipedia article spells it, by /glossary's rule on names, on the owner's word of 9 October 2026, 7:47am
12	9 October 2026, 8:33am	sentence		179	Vortigern told him to send for them, and he did: Octha and Ebissa came, with a fleet of forty.	Vortigern told him to send for them, and he did: Octa and Ebissa came, with a fleet of forty.	Review: every name as its Wikipedia article spells it, by /glossary's rule on names, on the owner's word of 9 October 2026, 7:47am
13	9 October 2026, 8:33am	sentence		182	Then he set out with them to look for one. They traveled through many regions and provinces, and finding nothing, came at last to Gwynedd. Searching the mountains of Eryri, he finally found a place on one of them where a fort could rightly stand. "Build it here," his seers told him, "because it'll be safe from barbarian peoples forever."	Then he set out with them to look for one. They traveled through many regions and provinces, and finding nothing, came at last to Gwynedd. Searching the mountains of Snowdonia, he finally found a place on one of them where a fort could rightly stand. "Build it here," his seers told him, "because it'll be safe from barbarian peoples forever."	Review: every name as its Wikipedia article spells it, by /glossary's rule on names, on the owner's word of 9 October 2026, 7:47am
14	9 October 2026, 8:33am	sentence		187	Vortimer eagerly fought four battles against them. The first was on the river Derguentid. The second was at the ford called Episford in their language and Rithergabail in ours, and there Horsa fell, with Vortigern's son Categirn.	Vortimer eagerly fought four battles against them. The first was on the river Derguentid. The second was at the ford called Episford in their language and Rithergabail in ours, and there Horsa fell, with Vortigern's son Catigern.	Review: every name as its Wikipedia article spells it, by /glossary's rule on names, on the owner's word of 9 October 2026, 7:47am
15	9 October 2026, 8:33am	sentence		192	He had three sons. The first was Vortimer, who fought against the barbarians, as I said above. The second was Categirn. The third was Pascent, who reigned in two lands, Builth and Gwrtheyrnion, after his father's death, by the gift of Ambrosius, chief among all the kings of the British people. The fourth was Faustus, born to him by his own child. Saint Germanus baptized, raised and taught him. Faustus founded a great house on the bank of the river called Renis, which stands to this day. Vortigern also had one daughter, who was the mother of Saint Faustus.	He had three sons. The first was Vortimer, who fought against the barbarians, as I said above. The second was Catigern. The third was Pasgen, who reigned in two lands, Builth and Gwrtheyrnion, after his father's death, by the gift of Ambrosius, chief among all the kings of the British people. The fourth was Faustus, born to him by his own child. Saint Germanus baptized, raised and taught him. Faustus founded a great house on the bank of the river called Renis, which stands to this day. Vortigern also had one daughter, who was the mother of Saint Faustus.	Review: every name as its Wikipedia article spells it, by /glossary's rule on names, on the owner's word of 9 October 2026, 7:47am
16	9 October 2026, 8:33am	sentence		193	Fernmail, who rules now in Builth and Gwrtheyrnion, is the son of Teudubir, king of Builth. Teudubir's line runs back, father to father, through Pascent, Guoidcant, Moriud, Eldat, Eldoc, Paul, Mepurit, Briacat, Pascent, Vortigern Guortheneu, Guitaul and Guitolin to Glovi. Bonus, Paul and Mauron were three brothers, Glovi's children. Glovi built a great city on the bank of the Severn, called Cair Glovi by the Britons and Gloucester by the Saxons. That's enough about Vortigern and his family.	Ffernfael, who rules now in Builth and Gwrtheyrnion, is the son of Tewdwr, king of Builth. Tewdwr's line runs back, father to father, through Pasgen, Guoidcant, Moriud, Eldat, Eldoc, Paul, Mepurit, Briacat, Pasgen, Vortigern Guortheneu, Guitaul and Guitolin to Glovi. Bonus, Paul and Mauron were three brothers, Glovi's children. Glovi built a great city on the bank of the Severn, called Cair Glovi by the Britons and Gloucester by the Saxons. That's enough about Vortigern and his family.	Review: every name as its Wikipedia article spells it, by /glossary's rule on names, on the owner's word of 9 October 2026, 7:47am
17	9 October 2026, 8:33am	sentence		196	From the beginning of the world to the baptism of the Irish is five thousand three hundred thirty years. Patrick began preaching the faith of Christ in the fifth year of King Loegaire.	From the beginning of the world to the baptism of the Irish is five thousand three hundred thirty years. Patrick began preaching the faith of Christ in the fifth year of King Lóegaire.	Review: every name as its Wikipedia article spells it, by /glossary's rule on names, on the owner's word of 9 October 2026, 7:47am
18	9 October 2026, 8:33am	sentence		199	At that time the Saxons grew in number and strength in Britain. After Hengist's death his son Octha came down from the north of Britain to the kingdom of Kent, and the rulers of Kent are descended from him. Then, in those days, Arthur fought against the Saxons with the Britons' kings, but he was the leader in the battles. The first was at the mouth of the Glein. The second, third, fourth and fifth were on another river, the Dubglas, which is in the region of Linnuis. The sixth was on the Bassas. The seventh was in the forest of Celidon, Cat Coit Celidon in Welsh.	At that time the Saxons grew in number and strength in Britain. After Hengist's death his son Octa came down from the north of Britain to the kingdom of Kent, and the rulers of Kent are descended from him. Then, in those days, Arthur fought against the Saxons with the Britons' kings, but he was the leader in the battles. The first was at the mouth of the Glein. The second, third, fourth and fifth were on another river, the Dubglas, which is in the region of Lindsey. The sixth was on the Bassas. The seventh was in the forest of Celidon, Cat Coit Celidon in Welsh.	Review: every name as its Wikipedia article spells it, by /glossary's rule on names, on the owner's word of 9 October 2026, 7:47am
19	9 October 2026, 8:33am	sentence		201	Beaten every time, the Saxons asked Germany for help, and their numbers grew many times over without a break. They brought kings over from Germany to govern them in Britain, until the time of Ida, whose father was Eobba; Ida was the first to rule Bernicia.	Beaten every time, the Saxons asked Germany for help, and their numbers grew many times over without a break. They brought kings over from Germany to govern them in Britain, until the time of Ida, whose father was Eoppa; Ida was the first to rule Bernicia.	Review: every name as its Wikipedia article spells it, by /glossary's rule on names, on the owner's word of 9 October 2026, 7:47am
20	9 October 2026, 8:33am	sentence		202	From Woden the line ran down through Beldeg, Beornec, Gechbrond, Aluson, Inguec, Aedibrith, Ossa and Eobba to Ida.	From Woden the line ran down through Beldeg, Beornec, Gechbrond, Aluson, Inguec, Aedibrith, Ossa and Eoppa to Ida.	Review: every name as its Wikipedia article spells it, by /glossary's rule on names, on the owner's word of 9 October 2026, 7:47am
21	9 October 2026, 8:33am	sentence		202	Ida had twelve sons. Their names are Adda, Aedldric, Decdric, Edric, Deothere and Osmer, with one queen, Bearnoch, and Ealric.	Ida had twelve sons. Their names are Adda, Aethelric, Decdric, Edric, Deothere and Osmer, with one queen, Bearnoch, and Ealric.	Review: every name as its Wikipedia article spells it, by /glossary's rule on names, on the owner's word of 9 October 2026, 7:47am
22	9 October 2026, 8:33am	sentence		203	Ecgfrith is the one who went to war against his cousin Birdei, king of the Picts, and fell there with the whole strength of his army. The Picts and their ruler won, and the Saxons, those savages, never again tried to take tribute from the Picts. Since that war it's been called Gueith Lin Garan.	Ecgfrith is the one who went to war against his cousin Bridei, king of the Picts, and fell there with the whole strength of his army. The Picts and their ruler won, and the Saxons, those savages, never again tried to take tribute from the Picts. Since that war it's been called Gueith Lin Garan.	Review: every name as its Wikipedia article spells it, by /glossary's rule on names, on the owner's word of 9 October 2026, 7:47am
23	9 October 2026, 8:33am	sentence		203	Oswiu had two wives. One was Riemmelth, daughter of Royth and granddaughter of Rum; the other was Eanfled, whose father, Edwin, was Alli's son.	Oswiu had two wives. One was Rhiainfellt, daughter of Royth and granddaughter of Rum; the other was Eanflaed, whose father, Edwin, was Alli's son.	Review: every name as its Wikipedia article spells it, by /glossary's rule on names, on the owner's word of 9 October 2026, 7:47am
24	9 October 2026, 8:33am	sentence		203	Here's the family of the kings of Kent. Hengist was the father of Octha, and the line went on through Ossa, Eormoric, Ealdbert, Ealdbald and Ercunbert to Ecgberth.	Here's the family of the kings of Kent. Hengist was the father of Octa, and the line went on through Oisc, Eormenric, Aethelberht, Eadbald and Eorcenberht to Ecgberht.	Review: every name as its Wikipedia article spells it, by /glossary's rule on names, on the owner's word of 9 October 2026, 7:47am
25	9 October 2026, 8:33am	sentence		204	Eadlbald descended from Pybba through Penda, Eowa and Alguing.	Aethelbald descended from Pybba through Penda, Eowa and Alweo.	Review: every name as its Wikipedia article spells it, by /glossary's rule on names, on the owner's word of 9 October 2026, 7:47am
26	9 October 2026, 8:33am	sentence		204	Ecgfrith's forebears go back through Offa, Duminfert, Eandulf, Ossulf and Eowa to Pybba.	Ecgfrith's forebears go back through Offa, Thingfrith, Eanwulf, Ossulf and Eowa to Pybba.	Review: every name as its Wikipedia article spells it, by /glossary's rule on names, on the owner's word of 9 October 2026, 7:47am
27	9 October 2026, 8:33am	sentence		204	These are the kings of the Deirans. Woden's descendants ran through Beldeyg, Brond, Siggar, Sebald and Zegulf to Soemil, who first split Deira from Bernicia.	These are the kings of the Deirans. Woden's descendants ran through Beldeg, Brond, Siggar, Sebald and Zegulf to Soemil, who first split Deira from Bernicia.	Review: every name as its Wikipedia article spells it, by /glossary's rule on names, on the owner's word of 9 October 2026, 7:47am
28	9 October 2026, 8:33am	sentence		204	Soemil's line went on through Sguerthing, Giulglis, Usfrean and Iffi to Ulli, Edwin, Osfird and Eadfird.	Soemil's line went on through Sguerthing, Giulglis, Usfrean and Iffi to Aella, Edwin, Osfrith and Eadfrith.	Review: every name as its Wikipedia article spells it, by /glossary's rule on names, on the owner's word of 9 October 2026, 7:47am
29	9 October 2026, 8:33am	sentence		205	Ida, Eobba's son, held the regions in the north of Britain, beyond the Humber, and reigned twelve years, and he joined Din Guayrdi to Bernicia.	Ida, Eoppa's son, held the regions in the north of Britain, beyond the Humber, and reigned twelve years, and he joined Din Guayrdi to Bernicia.	Review: every name as its Wikipedia article spells it, by /glossary's rule on names, on the owner's word of 9 October 2026, 7:47am
30	9 October 2026, 8:33am	sentence		205	At that time Dutigirn fought bravely against the English. Then Talhaern Tataguen won fame for his poems, and Aneirin, Taliesin, Bluchbard and Cian, who's called Gueinth Guaut, all won it together at the same time for verse in British.	At that time Dutigirn fought bravely against the English. Then Talhaearn Tataguen won fame for his poems, and Aneirin, Taliesin, Bluchbard and Cian, who's called Gueinth Guaut, all won it together at the same time for verse in British.	Review: every name as its Wikipedia article spells it, by /glossary's rule on names, on the owner's word of 9 October 2026, 7:47am
31	9 October 2026, 8:33am	sentence		206	Adda, Ida's son, reigned eight years; Aedlric, born to Adda, four; Deoric, Adda's brother, seven; and Friodolguald, six. In Friodolguald's time the kingdom of Kent received baptism, when Gregory sent it the faith. Hussa ruled seven years, and four kings fought against him: Urien, Rhydderch Hen, Gwallawg and Morcant. Deodric battled hard against that Urien and his sons. In those days the enemy were beaten one time, our own people the next. Urien shut them up on the island of Lindisfarne for three days and nights, and while he was on that campaign he was murdered, on Morcant's orders, out of envy, since of all the kings he had the greatest courage in waging war.	Adda, Ida's son, reigned eight years; Aethelric, born to Adda, four; Theodric, Adda's brother, seven; and Frithuwald, six. In Frithuwald's time the kingdom of Kent received baptism, when Gregory sent it the faith. Hussa ruled seven years, and four kings fought against him: Urien, Rhydderch Hen, Gwallog and Morcant. Theodric battled hard against that Urien and his sons. In those days the enemy were beaten one time, our own people the next. Urien shut them up on the island of Lindisfarne for three days and nights, and while he was on that campaign he was murdered, on Morcant's orders, out of envy, since of all the kings he had the greatest courage in waging war.	Review: every name as its Wikipedia article spells it, by /glossary's rule on names, on the owner's word of 9 October 2026, 7:47am
32	9 October 2026, 8:33am	sentence		206	Edwin's daughter Eanfled was baptized on the twelfth day after Pentecost, with all her people, men and women. Edwin himself received baptism the next Easter, and twelve thousand people with him. If anyone wants to know who christened them, it was Rhun son of Urien. For forty days he never stopped baptizing that whole race of savages, and through his preaching many came to believe in Christ.	Edwin's daughter Eanflaed was baptized on the twelfth day after Pentecost, with all her people, men and women. Edwin himself received baptism the next Easter, and twelve thousand people with him. If anyone wants to know who christened them, it was Rhun son of Urien. For forty days he never stopped baptizing that whole race of savages, and through his preaching many came to believe in Christ.	Review: every name as its Wikipedia article spells it, by /glossary's rule on names, on the owner's word of 9 October 2026, 7:47am
33	9 October 2026, 8:33am	sentence		208	He killed Cadwallon, king of Gwynedd, in the battle of Catscaul, with great slaughter of Cadwallon's army. Oswiu, Aethelfrith's other son, held the throne twenty-eight years and six months. In his time a plague struck, while Cadwaladr ruled the Britons after his father, and Cadwaladr died of it. Oswiu killed Penda on the plain of Gai, and so came the slaughter of the field of Gai, where the Britons' kings who had marched with King Penda as far as the city called Iudeu fell.	He killed Cadwallon, king of Gwynedd, in the battle of Heavenfield, with great slaughter of Cadwallon's army. Oswiu, Aethelfrith's other son, held the throne twenty-eight years and six months. In his time a plague struck, while Cadwaladr ruled the Britons after his father, and Cadwaladr died of it. Oswiu killed Penda on the plain of Gai, and so came the slaughter of the field of Gai, where the Britons' kings who had marched with King Penda as far as the city called Iudeu fell.	Review: every name as its Wikipedia article spells it, by /glossary's rule on names, on the owner's word of 9 October 2026, 7:47am
34	9 October 2026, 8:33am	sentence		208	Before that, Oswiu had handed over to Penda all the riches he had with him there, and Penda shared them out among the Britons' rulers: that's the Atbret Iudeu, the giving back at Iudeu. Only Cadafael, king of Gwynedd, got away with his army, by rising in the night, and that's why he's called Cadafael Cadomedd. Ecgfrith, Osbiu's son, reigned nine years. In his time the holy bishop Cuthbert died on the island of Lindisfarne. Ecgfrith is the one who made war on the Picts and fell there.	Before that, Oswiu had handed over to Penda all the riches he had with him there, and Penda shared them out among the Britons' rulers: that's the Atbret Iudeu, the giving back at Iudeu. Only Cadafael, king of Gwynedd, got away with his army, by rising in the night, and that's why he's called Cadafael Cadomedd. Ecgfrith, Oswiu's son, reigned nine years. In his time the holy bishop Cuthbert died on the island of Lindisfarne. Ecgfrith is the one who made war on the Picts and fell there.	Review: every name as its Wikipedia article spells it, by /glossary's rule on names, on the owner's word of 9 October 2026, 7:47am
35	9 October 2026, 8:33am	sentence		208	Penda, whose father was Pybba, held power ten years. He was the first to split the Mercians' kingdom from the Northumbrians', and by treachery he killed Anna, king of the East Angles, and Saint Oswald of the Northumbrians. He fought the battle of Cocboy, where his brother Eowa, Pybba's son and ruler of the Mercians, fell, as did Oswald of the Northumbrians. Penda won through the devil's arts. He wasn't baptized and never believed in God.	Penda, whose father was Pybba, held power ten years. He was the first to split the Mercians' kingdom from the Northumbrians', and by treachery he killed Anna, king of the East Angles, and Saint Oswald of the Northumbrians. He fought the battle of Maserfield, where his brother Eowa, Pybba's son and ruler of the Mercians, fell, as did Oswald of the Northumbrians. Penda won through the devil's arts. He wasn't baptized and never believed in God.	Review: every name as its Wikipedia article spells it, by /glossary's rule on names, on the owner's word of 9 October 2026, 7:47am
36	9 October 2026, 8:33am	sentence		215	In the region of Cinlipiuc there's another strange thing, a spring called Finnaun Guur Helic. No stream runs into it or out of it. People go there to fish, wading in from the east, the right, the left or the west, and each side gives up a different sort.	In the region of Cynllibiwg there's another strange thing, a spring called Finnaun Guur Helic. No stream runs into it or out of it. People go there to fish, wading in from the east, the right, the left or the west, and each side gives up a different sort.	Review: every name as its Wikipedia article spells it, by /glossary's rule on names, on the owner's word of 9 October 2026, 7:47am
37	9 October 2026, 8:33am	sentence		216	Gwent has one more: a spring by the wall of Mouric's well, with a log in the middle that people stand on to wash their hands and faces. I've tried it and seen it myself.	Gwent has one more: a spring by the wall of Meurig's well, with a log in the middle that people stand on to wash their hands and faces. I've tried it and seen it myself.	Review: every name as its Wikipedia article spells it, by /glossary's rule on names, on the owner's word of 9 October 2026, 7:47am
38	9 October 2026, 8:33am	sentence		217	In Builth there's another: a pile of stones, the topmost bearing a dog's footprint. Cavall, the warrior Arthur's hound, pressed it into the rock while they were hunting the boar Troynt, and Arthur later heaped up the mound beneath it. Its name is Carn Cabal. People carry the stone off in their hands for a whole day and night, but the next morning it's back on its heap.	In Builth there's another: a pile of stones, the topmost bearing a dog's footprint. Cavall, the warrior Arthur's hound, pressed it into the rock while they were hunting the boar Twrch Trwyth, and Arthur later heaped up the mound beneath it. Its name is Carn Cabal. People carry the stone off in their hands for a whole day and night, but the next morning it's back on its heap.	Review: every name as its Wikipedia article spells it, by /glossary's rule on names, on the owner's word of 9 October 2026, 7:47am
39	9 October 2026, 8:33am	sentence		217	In Ercing there's another, a grave beside a spring named Licat Anir. The man buried there was Anir, the son of the warrior Arthur, who killed him on that spot and laid him in it.	In Ergyng there's another, a grave beside a spring named Licat Anir. The man buried there was Anir, the son of the warrior Arthur, who killed him on that spot and laid him in it.	Review: every name as its Wikipedia article spells it, by /glossary's rule on names, on the owner's word of 9 October 2026, 7:47am
40	9 October 2026, 8:33am	sentence		219	Luchlein is a lake there, ringed four times around: first by tin, then lead, then iron, then bronze. It holds plenty of pearls, which kings wear in their ears.	Lough Leane is a lake there, ringed four times around: first by tin, then lead, then iron, then bronze. It holds plenty of pearls, which kings wear in their ears.	Review: every name as its Wikipedia article spells it, by /glossary's rule on names, on the owner's word of 9 October 2026, 7:47am
41	9 October 2026, 8:36am	sentence		203	Oswiu had two wives. One was Rhiainfellt, daughter of Royth and granddaughter of Rum; the other was Eanflaed, whose father, Edwin, was Alli's son.	Oswiu had two wives. One was Rhiainfellt, daughter of Royth and granddaughter of Rum; the other was Eanflaed, whose father, Edwin, was Aella's son.	Review: every name as its Wikipedia article spells it, by /glossary's rule on names, on the owner's word of 9 October 2026, 7:47am
42	9 October 2026, 8:36am	sentence		206	Aethelfrith Flesaur ruled twelve years in Bernicia and twelve more in Deira, twenty-four in all over the two kingdoms. He gave Din Guoaroy to his wife, Bebbab, and it was named Bebbanburth after her. Edwin, Alli's son, reigned seventeen years. He took Elmet and drove out Ceretic, its king.	Aethelfrith Flesaur ruled twelve years in Bernicia and twelve more in Deira, twenty-four in all over the two kingdoms. He gave Din Guoaroy to his wife, Bebbab, and it was named Bebbanburth after her. Edwin, Aella's son, reigned seventeen years. He took Elmet and drove out Ceretic, its king.	Review: every name as its Wikipedia article spells it, by /glossary's rule on names, on the owner's word of 9 October 2026, 7:47am
43	9 October 2026, 9:27am	page		150	The Romans' annals tell it this way. After the Trojan War, Aeneas came to Italy with his son Ascanius. He defeated Turnus and married Lavinia, the daughter of Latinus, whose line ran back through Faunus and Picus to Saturn. When Latinus died, Aeneas held the kingdom of the Romans, or the Latins. He founded Alba, and later his new wife gave him a son named Silvius. Silvius took a bride of his own, and she became pregnant. Aeneas was told his daughter-in-law was expecting, and he had Ascanius send his seer to examine her and find out whether she carried a boy or a girl. The man examined her and came back. Ascanius killed him for his prophecy: the woman, he'd said, was carrying a child who'd bring death, since he'd kill his father and his mother and be hated by everyone. So it happened. She died giving birth, and the boy was raised and named Brutus.	The Romans' annals tell it this way. After the Trojan War, Aeneas came to Italy with his son Ascanius. He defeated Turnus and married Lavinia, the daughter of Latinus, whose line ran back through Faunus and Picus to Saturn. When Latinus died, Aeneas held the kingdom of the Romans, or the Latins. He founded Alba, and later his new wife gave him a son named Silvius. Silvius took a bride of his own, and she became pregnant. Aeneas was told his daughter-in-law was expecting, and he had Ascanius send his seer to examine her and find out whether she carried a boy or a girl. The man examined her and came back. Ascanius killed him for his prophecy: the woman, he'd said, was carrying a son who'd bring death, since he'd kill his father and his mother and be hated by everyone. So it happened. She died giving birth, and the child was raised and named Brutus.	Final literary read: Ascanius's seer said the woman carried a boy, masculum, which the English had dropped though the question was boy or girl
44	9 October 2026, 9:27am	page		158	Rome's consuls began with this Brutus, and later the tribunes of the people and the dictators. Then for four hundred forty-seven years the Republic was governed that way again, after kings had ruled it, to its harm. The Britons came to Britain in the third age, and the Irish took Ireland in the fourth. The Irish in the west and the Picts from the north fought the Britons together, as one, without a break, since the Britons went unarmed. Long afterward the Romans won rule over the whole world. From the Saxons' first year in Britain to King Merfyn's fourth, four hundred twenty-nine years are counted. From the Lord's birth to Patrick's coming to the Irish is four hundred five years.	Rome's consuls began with this Brutus, and later the tribunes of the people and the dictators. Then for four hundred forty-seven years the Republic was governed that way again, after the rule of kings had done it harm. The Britons came to Britain in the third age, and the Irish took Ireland in the fourth. The Irish in the west and the Picts from the north fought the Britons together, as one, without a break, since the Britons went unarmed. Long afterward the Romans won rule over the whole world. From the Saxons' first year in Britain to King Merfyn's fourth, four hundred twenty-nine years are counted. From the Lord's birth to Patrick's coming to the Irish is four hundred five years.	Final literary read: 'governed that way again, after kings had ruled it, to its harm' left the harm's object open; the Latin's quae prius regia dignitate damnata fuerat said as the rule of kings having done the Republic harm
45	9 October 2026, 9:27am	page		167	He wouldn't send the men who'd gone with him back to Britain, to their wives, their children and their lands. He gave them many regions instead, from the lake on top of Mount Jove to the city called Cant Guic and on to the western mound, that is, Cruc Ochidient. These are the Britons of Brittany, and they've never come back here to this day. Because of this, foreign peoples took Britain, and its citizens were driven out, until God should help them. In the old tradition of our elders there were seven Roman emperors in Britain; the Romans say nine. The eighth was another Severus, who went back and forth between Britain and Rome, and he died in Rome. The ninth was Constantius. He reigned sixteen years in Britain, and his reign ended with his death there, in its sixteenth year. Up to this point the Romans had ruled the Britons for four hundred nine years. But the Britons threw off Roman rule, paying them no tribute and refusing their kings.	He wouldn't send the men who'd gone with him back to Britain, to their wives, their children and their lands. He gave them many regions instead, from the lake on top of Mount Jove to the city called Cant Guic and on to the western mound, that is, Cruc Ochidient. These are the Britons of Brittany, and they've never come back here to this day. Because of this, foreign peoples took Britain, and its citizens were driven out, until God comes to help them. In the old tradition of our elders there were seven Roman emperors in Britain; the Romans say nine. The eighth was another Severus, who went back and forth between Britain and Rome, and he died in Rome. The ninth was Constantius. He reigned sixteen years in Britain, and his reign ended with his death there, in its sixteenth year. Up to this point the Romans had ruled the Britons for four hundred nine years. But the Britons threw off Roman rule, paying them no tribute and refusing their kings.	Final literary read: 'until God should help them' is stiff; usque dum deus auxilium dederit illis said as 'until God comes to help them'
46	9 October 2026, 9:27am	page		185	Once more he asked the seers, "What's in the middle of it? Tell me now." They couldn't know. He revealed it himself: "There are two worms in it, one white and one red. Spread it out." They opened it and found them asleep. "Wait and watch what they'll do," said the boy. They began to try to drive each other out. One would set its shoulders against the other to push it back to the middle, and they did this three times. At first the red one seemed the weaker, but afterward it was stronger than the white and drove it out over the edge. Then one chased the other across the pool, and the tent vanished. He asked the seers, "What does this strange sign mean, the one we've just seen?" "We don't know," they said.	Once more he asked the seers, "What's in the middle of it? Tell me now." They had no idea. He revealed it himself: "There are two worms in it, one white and one red. Spread it out." They opened it and found them asleep. "Wait and watch what they'll do," said the boy. They began to try to drive each other out. One would set its shoulders against the other to push it back to the middle, and they did this three times. At first the red one seemed the weaker, but afterward it was stronger than the white and drove it out over the edge. Then one chased the other across the pool, and the tent vanished. He asked the seers, "What does this strange sign mean, the one we've just seen?" "We don't know," they said.	Final literary read: 'They couldn't know' for non potuerunt scire reads as a rule, not a failure; 'They had no idea'
47	9 October 2026, 9:27am	page		188	The third was in the open field by the Stone of the Inscription, on the shore of the Channel. The barbarians were beaten and Vortimer won. They fled to their ships and drowned, scrambling into them like women. Not long after, Vortimer was dead. Before his death he told his household to put his tomb at the harbor the Saxons had left from, on the shore of the sea. "I leave it to you," he said. "Though they hold a port elsewhere in Britain, and have lived there, they'll never stay in this land." But they ignored his order and didn't bury him in the place he'd told them to. The barbarians came back in force, since Vortigern was their friend because of his wife. No one was bold enough to drive them off, because they didn't take Britain by their own strength, but because God chose it. Who can stand against God's will, or fight it? The Lord did as he wanted, and he governs every people.	The third was in the open field by the Stone of the Inscription, on the shore of the Channel. The barbarians were beaten and Vortimer won. They fled to their ships and drowned, scrambling into them like women. Not long after, Vortimer was dead. Before his death he told his household to put his tomb at the harbor the Saxons had left from, on the shore of the sea. "I'm trusting you with this," he said. "Though they hold a port elsewhere in Britain, and have lived there, they'll never stay in this land." But they ignored his order and didn't bury him in the place he'd told them to. The barbarians came back in force, since Vortigern was their friend because of his wife. No one was bold enough to drive them off, because they didn't take Britain by their own strength, but because God chose it. Who can stand against God's will, or fight it? The Lord did as he wanted, and he governs every people.	Final literary read: 'I leave it to you' reads today as 'it's your choice'; in quo vobis commendo is Vortimer entrusting his order, 'I'm trusting you with this'
48	9 October 2026, 9:27am	page		191	Vortigern fled in misery to the land that took its name from him, Gwrtheyrnion, to hide there with his wives. Saint Germanus followed him there with all the Britons' clergy. He stayed forty days and nights, standing on a rock to pray, on his feet without a break. Again Vortigern withdrew in disgrace, to Vortigern's fort, which is in Dyfed by the river Teifi. As usual Saint Germanus followed him, and stayed there for that purpose, fasting with all the clergy, three days and as many nights. On the fourth night, around midnight, the whole fort suddenly fell in flames, struck by fire from heaven, and Vortigern died with his wives and all who were with him. This is the end of Vortigern, as I found it in the book of Saint Germanus. Others have told it differently.	Vortigern fled in misery to the land that took its name from him, Gwrtheyrnion, to hide there with his wives. Saint Germanus followed him there with all the Britons' clergy. He stayed forty days and nights, standing on a rock to pray, on his feet without a break. Again Vortigern withdrew in disgrace, to Vortigern's fort, which is in Dyfed by the river Teifi. As usual Saint Germanus followed him, and stayed there with all the clergy for three days and as many nights, fasting for the same cause. On the fourth night, around midnight, the whole fort suddenly fell in flames, struck by fire from heaven, and Vortigern died with his wives and all who were with him. This is the end of Vortigern, as I found it in the book of Saint Germanus. Others have told it differently.	Final literary read: 'stayed there for that purpose' read stiffly after its clause; causaliter said as fasting 'for the same cause', the clergy and the count kept
49	9 October 2026, 9:27am	page		205	Oswiu was the father of Ecgfrith. Ailguin's descendants were Oslach, Alhun, Adlsing, Echun and Oslaph, one generation after another. Ida's line ran through Eadric, Ecgulf, Liodguald and Aetan, also called Eata Glinmaur, to Eadbyrth and Bishop Ecgbirth, the first of their nation. Ida, Eoppa's son, held the regions in the north of Britain, beyond the Humber, and reigned twelve years, and he joined Din Guayrdi to Bernicia. At that time Dutigirn fought bravely against the English. Then Talhaearn Tataguen won fame for his poems, and Aneirin, Taliesin, Bluchbard and Cian, who's called Gueinth Guaut, all won it together at the same time for verse in British.	Oswiu was the father of Ecgfrith. Ailguin's descendants were Oslach, Alhun, Adlsing, Echun and Oslaph, one generation after another. Ida's line ran through Eadric, Ecgulf, Liodguald and Aetan, also called Eata Glinmaur, to Eadbyrth and Bishop Ecgbirth, the first of their nation. Ida, Eoppa's son, held the regions in the north of Britain, beyond the Humber, and reigned twelve years, and he joined Din Guayrdi to Bernicia. At that time Dutigirn fought bravely against the English. Then Talhaearn Tataguen won fame for his poems, and Aneirin, Taliesin, Bluchbard and Cian, who's called Gueinth Guaut, all won theirs at the same time for verse in British.	Final literary read: simul uno tempore said twice in English, 'together at the same time'; said once
50	9 October 2026, 9:27am	page		208	He killed Cadwallon, king of Gwynedd, in the battle of Heavenfield, with great slaughter of Cadwallon's army. Oswiu, Aethelfrith's other son, held the throne twenty-eight years and six months. In his time a plague struck, while Cadwaladr ruled the Britons after his father, and Cadwaladr died of it. Oswiu killed Penda on the plain of Gai, and so came the slaughter of the field of Gai, where the Britons' kings who had marched with King Penda as far as the city called Iudeu fell. Before that, Oswiu had handed over to Penda all the riches he had with him there, and Penda shared them out among the Britons' rulers: that's the Atbret Iudeu, the giving back at Iudeu. Only Cadafael, king of Gwynedd, got away with his army, by rising in the night, and that's why he's called Cadafael Cadomedd. Ecgfrith, Oswiu's son, reigned nine years. In his time the holy bishop Cuthbert died on the island of Lindisfarne. Ecgfrith is the one who made war on the Picts and fell there. Penda, whose father was Pybba, held power ten years. He was the first to split the Mercians' kingdom from the Northumbrians', and by treachery he killed Anna, king of the East Angles, and Saint Oswald of the Northumbrians. He fought the battle of Maserfield, where his brother Eowa, Pybba's son and ruler of the Mercians, fell, as did Oswald of the Northumbrians. Penda won through the devil's arts. He wasn't baptized and never believed in God.	He killed Cadwallon, king of Gwynedd, in the battle of Heavenfield, with great slaughter of Cadwallon's army. Oswiu, Aethelfrith's other son, held the throne twenty-eight years and six months. In his time a plague struck, while Cadwaladr ruled the Britons after his father, and Cadwaladr died of it. Oswiu killed Penda on the plain of Gai, and that was the slaughter of the field of Gai, where the Britons' kings who had marched with King Penda as far as the city called Iudeu fell. Before that, Oswiu had handed over to Penda all the riches he had with him there, and Penda shared them out among the Britons' rulers: that's the Atbret Iudeu, the giving back at Iudeu. Only Cadafael, king of Gwynedd, got away with his army, by rising in the night, and that's why he's called Cadafael Cadomedd. Ecgfrith, Oswiu's son, reigned nine years. In his time the holy bishop Cuthbert died on the island of Lindisfarne. Ecgfrith is the one who made war on the Picts and fell there. Penda, whose father was Pybba, held power ten years. He was the first to split the Mercians' kingdom from the Northumbrians', and by treachery he killed Anna, king of the East Angles, and Saint Oswald of the Northumbrians. He fought the battle of Maserfield, where his brother Eowa, Pybba's son and ruler of the Mercians, fell, as did Oswald of the Northumbrians. Penda won through the devil's arts. He wasn't baptized and never believed in God.	Final literary read: 'and so came the slaughter of the field of Gai' read as a consequence; et nunc facta est strages Gai campi names the killing as that slaughter
51	9 October 2026, 9:27am	page		218	People come to measure the mound and find it six feet long one time, nine another, then twelve, then fifteen. Whatever length you get once, the next time it'll be different, and I've tested it myself. Ceredigion has one more, on a hill known as Cruc Maur. On its top is a grave, and anyone who comes and lies down beside it measures exactly the same. For a short person it shrinks, and for a big one, even six feet tall, it grows to fit: whoever it is, it matches. A traveler worn out by the road who kneels three times beside the grave will never tire again until the day they die, not even if they went alone to the farthest ends of the earth. The first strange thing is a shore with no sea. The second is a hill there that turns around three times a year. The third is a ford there that rises and falls with the tide.	People come to measure the mound and find it six feet long one time, nine another, then twelve, then fifteen. Whatever length you get once, the next time it'll be different, and I've tested it myself. Ceredigion has one more, on a hill known as Cruc Maur. On its top is a grave, and anyone who comes and lies down beside it finds it exactly their length. For a short person it shrinks, and for a big one, even six feet tall, it grows to fit. A traveler worn out by the road who kneels three times at the grave will never tire again until the day they die, not even if they went alone to the farthest ends of the earth. The first strange thing is a shore with no sea. The second is a hill there that turns around three times a year. The third is a ford there that rises and falls with the tide.	Final literary read: 'anyone who lies down beside it measures exactly the same' left the reader asking the same as what; the grave is found their length, and the Latin's third saying of it, 'whoever it is, it matches', said once
52	9 October 2026, 10:09am	sentence		159	I found another account of this Brutus in the old books of our elders.	I found another account of this Brutus in the old books of our ancestors.	Review: old phrases said for readers in 2026, by /translate's "Today's idiom" and "A death is said as a death", on the owner's word of 9 October 2026, 9:55am
53	9 October 2026, 10:09am	sentence		167	In the old tradition of our elders there were seven Roman emperors in Britain;	In our ancestors' old tradition there were seven Roman emperors in Britain;	Review: old phrases said for readers in 2026, by /translate's "Today's idiom" and "A death is said as a death", on the owner's word of 9 October 2026, 9:55am
54	9 October 2026, 10:09am	sentence		165	took harsh revenge on them for Severus, and claimed the purple of Britain.	took harsh revenge on them for Severus, and made himself emperor in Britain.	Review: old phrases said for readers in 2026, by /translate's "Today's idiom" and "A death is said as a death", on the owner's word of 9 October 2026, 9:55am
55	9 October 2026, 10:09am	sentence		181	He went to his grandfather, Vortigern, his father in the flesh, and said,	He went to his grandfather, Vortigern, who was also his father by blood, and said,	Review: old phrases said for readers in 2026, by /translate's "Today's idiom" and "A death is said as a death", on the owner's word of 9 October 2026, 9:55am
56	9 October 2026, 10:09am	sentence		194	In his seventeenth year he came home from captivity,	At sixteen he came home from captivity,	Review: old phrases said for readers in 2026, by /translate's "Today's idiom" and "A death is said as a death", on the owner's word of 9 October 2026, 9:55am
57	9 October 2026, 10:09am	sentence		198	Later, at a good old age, he passed from this world to where he rejoices now, forever and ever. Amen.	Later, at a ripe old age, he died, and he rejoices now forever and ever. Amen.	Review: old phrases said for readers in 2026, by /translate's "Today's idiom" and "A death is said as a death", on the owner's word of 9 October 2026, 9:55am
58	9 October 2026, 10:09am	sentence		208	Penda won through the devil's arts.	Penda won by the devil's magic.	Review: old phrases said for readers in 2026, by /translate's "Today's idiom" and "A death is said as a death", on the owner's word of 9 October 2026, 9:55am
59	9 October 2026, 10:09am	heading		outline	Carausius takes the purple in Britain to avenge Severus	Carausius makes himself emperor in Britain to avenge Severus	Review: old phrases said for readers in 2026, by /translate's "Today's idiom" and "A death is said as a death", on the owner's word of 9 October 2026, 9:55am
60	9 October 2026, 10:10am	sentence		198	Later, at a ripe old age, he died, and he rejoices now forever and ever. Amen.	Later, at a great age, he died. Now he rejoices forever and ever. Amen.	Review: a death said as a death, and the page's later notes renumbered for the new endnote, on the owner's word of 9 October 2026, 9:55am
61	9 October 2026, 10:10am	sentence		198	preached eighty-five years in Ireland.	preached eighty-five years in Ireland.	Review: a death said as a death, and the page's later notes renumbered for the new endnote, on the owner's word of 9 October 2026, 9:55am
62	9 October 2026, 10:10am	sentence		198	from a burning bush.	from a burning bush.	Review: a death said as a death, and the page's later notes renumbered for the new endnote, on the owner's word of 9 October 2026, 9:55am
63	9 October 2026, 11:53am	page		160	The first man of Japheth's line to come to Europe was Alanus, and his three children came with him, Hessitio, Armenon and Negue. Hessitio had four, Francus, Romanus, Brutus and Albanus. Armenon had five, Gothus, Valagothus, Gebidus, Burgundus and Longobardus. Negue had three, Vandalus, Saxo and Boguarus. From Hessitio descended four peoples, the Franks, the Latins, the Albans and the Britons; from Armenon five, the Goths, the Walagoths, the Gepids, the Burgundians and the Lombards; and from Negue four, the Bavarians, the Vandals, the Saxons and the Thuringians. These peoples spread out over all of Europe.	The first man of Japheth's line to come to Europe was Alanus, and his three children came with him, Hessitio, Armenon and Negue. Hessitio had four, Francus, Romanus, Brutus and Albanus. Armenon had five, Gothus, Valagothus, Gebidus, Burgundus and Longobardus. Negue had three, Vandalus, Saxo and Boguarus. From Hessitio descended four peoples, the Franks, the Latins, the Albans and the Britons; from Armenon five, the Goths, the Walagoths, the Gepids, the Burgundians and the Lombards; and from Negue four, the Bavarians, the Vandals, the Saxons and the Thuringians. These peoples spread out over all of Europe.	the review of 9 October 2026, 11:10am: a note at the table of peoples, so its names, known from such lists alone, are explained
64	10 October 2026, 3:01pm	sentence		157	His people came to the altars of the Philistines by the Lake of Salt, passed between Rusicada and the mountains of Azaria, followed the river Malva, crossed Mauretania to the Pillars of Hercules, sailed the Tyrrhenian Sea and reached Spain.	His people came to the altars of the Philistines by the Lake of Salt, and passed between Rusicada and the mountains of Azaria. They followed the river Malva and crossed Mauretania to the Pillars of Hercules. Then they sailed the Tyrrhenian Sea and reached Spain.	Short sentences, the point first: a sentence of forty words or more broken into English sentences in the order things happen, every word and fact kept, on the owner's review of Gildas of 10 October 2026, 2:23pm, and the rule and check it made
65	10 October 2026, 3:01pm	sentence		159	The count begins: from the Incarnation to Patrick's arrival in Ireland were twenty-three of the nineteen-year cycles, four hundred thirty-eight years in all; from then	The count begins. From the Incarnation to Patrick's arrival in Ireland were twenty-three of the nineteen-year cycles, four hundred thirty-eight years in all. From then	Short sentences, the point first: a sentence of forty words or more broken into English sentences in the order things happen, every word and fact kept, on the owner's review of Gildas of 10 October 2026, 2:23pm, and the rule and check it made
66	10 October 2026, 3:01pm	sentence		160	From Hessitio descended four peoples, the Franks, the Latins, the Albans and the Britons; from Armenon five, the Goths, the Walagoths, the Gepids, the Burgundians and the Lombards; and from Negue four,	From Hessitio descended four peoples: the Franks, the Latins, the Albans and the Britons. From Armenon came five, the Goths, the Walagoths, the Gepids, the Burgundians and the Lombards. From Negue came four,	Short sentences, the point first: a sentence of forty words or more broken into English sentences in the order things happen, every word and fact kept, on the owner's review of Gildas of 10 October 2026, 2:23pm, and the rule and check it made
67	10 October 2026, 3:01pm	sentence		165	To make the lands he'd won back safer from the raids of barbarians, he built a wall and an earthwork across Britain from one sea to the other, a hundred thirty-two miles, and in the Britons' language it's called Guaul.	He built a wall and an earthwork across Britain from one sea to the other, a hundred thirty-two miles, to make the lands he'd won back safer from the raids of barbarians. In the Britons' language it's called Guaul.	Short sentences, the point first: a sentence of forty words or more broken into English sentences in the order things happen, every word and fact kept, on the owner's review of Gildas of 10 October 2026, 2:23pm, and the rule and check it made
68	10 October 2026, 3:01pm	sentence		165	He rose up over the killing of Severus: with all the leaders of the Roman people who were with him in Britain, he cut down all the lesser kings of the Britons, took harsh revenge on them for Severus, and made himself emperor in Britain.	He rose up over the killing of Severus. With all the leaders of the Roman people who were with him in Britain, he cut down all the lesser kings of the Britons and took harsh revenge on them for Severus. Then he made himself emperor in Britain.	Short sentences, the point first: a sentence of forty words or more broken into English sentences in the order things happen, every word and fact kept, on the owner's review of Gildas of 10 October 2026, 2:23pm, and the rule and check it made
69	10 October 2026, 3:01pm	sentence		197	even at the very end of their life; the second, that the barbarians would never destroy them; the third, that none	even at the very end of their life. The second was that the barbarians would never destroy them. The third was that none	Short sentences, the point first: a sentence of forty words or more broken into English sentences in the order things happen, every word and fact kept, on the owner's review of Gildas of 10 October 2026, 2:23pm, and the rule and check it made
70	10 October 2026, 3:01pm	sentence		197	came to him for his blessing, which means that all the holy men and women of Ireland	came to him for his blessing. That means all the holy men and women of Ireland	Short sentences, the point first: a sentence of forty words or more broken into English sentences in the order things happen, every word and fact kept, on the owner's review of Gildas of 10 October 2026, 2:23pm, and the rule and check it made
71	10 October 2026, 3:01pm	sentence		206	Maelgwn, a great king, ruled among the Britons, in Gwynedd, because his ancestor Cunedda had come there earlier with his sons, eight of them, from the north,	Maelgwn, a great king, ruled among the Britons, in Gwynedd. His ancestor Cunedda had come there earlier with his eight sons from the north,	Short sentences, the point first: a sentence of forty words or more broken into English sentences in the order things happen, every word and fact kept, on the owner's review of Gildas of 10 October 2026, 2:23pm, and the rule and check it made
72	10 October 2026, 3:01pm	sentence		206	for three days and nights, and while he was on that campaign he was murdered,	for three days and nights. While he was on that campaign he was murdered,	Short sentences, the point first: a sentence of forty words or more broken into English sentences in the order things happen, every word and fact kept, on the owner's review of Gildas of 10 October 2026, 2:23pm, and the rule and check it made
73	10 October 2026, 3:01pm	sentence		209	when Theodosius and Valentinian were consuls, and in the fourth year of his reign the Saxons came to Britain,	when Theodosius and Valentinian were consuls. In the fourth year of his reign the Saxons came to Britain,	Short sentences, the point first: a sentence of forty words or more broken into English sentences in the order things happen, every word and fact kept, on the owner's review of Gildas of 10 October 2026, 2:23pm, and the rule and check it made
74	10 October 2026, 3:02pm	sentence		160	From Negue came four,	From Negue sprang four,	No word twice in forty: the split list said came twice
75	10 October 2026, 3:02pm	sentence		160	From Negue sprang four,	From Negue there were four,	Plain speech: sprang for descended is book English
