id	part	heading	found	image	file	sha256
page-145	Mommsen's Chronica minora, volume 3, University of Florida copy	Page 145	https://archive.org/details/chronicaminorasa13momm/page/n160	https://archive.org/download/chronicaminorasa13momm/page/n160_w1000.jpg	scans/page-145.jpg	114c5789f9fb1fbf0cbf45616a7e94e4ee82bb92f3cd3974ca0c5c2f21ef50f1
page-146	Mommsen's Chronica minora, volume 3, University of Florida copy	Page 146	https://archive.org/details/chronicaminorasa13momm/page/n161	https://archive.org/download/chronicaminorasa13momm/page/n161_w1000.jpg	scans/page-146.jpg	de311f448a8a9c713ed6aeae01f92dc2bf6a113aa12a973ad9b5b51b3bbb9215
page-147	Mommsen's Chronica minora, volume 3, University of Florida copy	Page 147	https://archive.org/details/chronicaminorasa13momm/page/n162	https://archive.org/download/chronicaminorasa13momm/page/n162_w1000.jpg	scans/page-147.jpg	202250a6e25d0077ebe87546d2028dc979513e7e0553e47cc822cda32c033e8f
page-148	Mommsen's Chronica minora, volume 3, University of Florida copy	Page 148	https://archive.org/details/chronicaminorasa13momm/page/n163	https://archive.org/download/chronicaminorasa13momm/page/n163_w1000.jpg	scans/page-148.jpg	acffe5fee65e9f11716f2df0c3cb993bb8e4fced2d0c4c35447c2aa67300a1a1
page-149	Mommsen's Chronica minora, volume 3, University of Florida copy	Page 149	https://archive.org/details/chronicaminorasa13momm/page/n164	https://archive.org/download/chronicaminorasa13momm/page/n164_w1000.jpg	scans/page-149.jpg	5c5bc8a1ea78a4e2c88cfc94536632b497ce6a4fdfbab4f7a7e98950cbf62d7e
page-150	Mommsen's Chronica minora, volume 3, University of Florida copy	Page 150	https://archive.org/details/chronicaminorasa13momm/page/n165	https://archive.org/download/chronicaminorasa13momm/page/n165_w1000.jpg	scans/page-150.jpg	eece2a41e2e2e9348d122ebc6c78df20ef47befde5fa856b6798c33174de90e4
page-151	Mommsen's Chronica minora, volume 3, University of Florida copy	Page 151	https://archive.org/details/chronicaminorasa13momm/page/n166	https://archive.org/download/chronicaminorasa13momm/page/n166_w1000.jpg	scans/page-151.jpg	d7c2d863e759a0f55a359afa51297e05be6750b3515265386c6e614800275d1a
page-152	Mommsen's Chronica minora, volume 3, University of Florida copy	Page 152	https://archive.org/details/chronicaminorasa13momm/page/n167	https://archive.org/download/chronicaminorasa13momm/page/n167_w1000.jpg	scans/page-152.jpg	a14bb0936ccf05ade5d762947e3e123878f2f508a4c6c15912f391405402573e
page-153	Mommsen's Chronica minora, volume 3, University of Florida copy	Page 153	https://archive.org/details/chronicaminorasa13momm/page/n168	https://archive.org/download/chronicaminorasa13momm/page/n168_w1000.jpg	scans/page-153.jpg	22b43831204c2e9b547cacd2cf388fb997d62a2e43b3098e5b0557d143067312
page-154	Mommsen's Chronica minora, volume 3, University of Florida copy	Page 154	https://archive.org/details/chronicaminorasa13momm/page/n169	https://archive.org/download/chronicaminorasa13momm/page/n169_w1000.jpg	scans/page-154.jpg	bf50ca82ab63a1b9ad6eabdb3722f8ed88695fbe6a1d31d25b79cb00bb9de0ab
page-155	Mommsen's Chronica minora, volume 3, University of Florida copy	Page 155	https://archive.org/details/chronicaminorasa13momm/page/n170	https://archive.org/download/chronicaminorasa13momm/page/n170_w1000.jpg	scans/page-155.jpg	8f3f0a73b58a25c80fb95e2a901d8bbd1041903b8f8ec5f93a215a84c04893a1
page-156	Mommsen's Chronica minora, volume 3, University of Florida copy	Page 156	https://archive.org/details/chronicaminorasa13momm/page/n171	https://archive.org/download/chronicaminorasa13momm/page/n171_w1000.jpg	scans/page-156.jpg	4273c4ed5b91ff5bc7fe5087ce404aa4a170e69659ca4ff481dc8c264902b84b
page-157	Mommsen's Chronica minora, volume 3, University of Florida copy	Page 157	https://archive.org/details/chronicaminorasa13momm/page/n172	https://archive.org/download/chronicaminorasa13momm/page/n172_w1000.jpg	scans/page-157.jpg	8e92ac302af9cde7d837612e91ab7fe1b3cdc27bd5fea64f6f18c42b640ec3fd
page-158	Mommsen's Chronica minora, volume 3, University of Florida copy	Page 158	https://archive.org/details/chronicaminorasa13momm/page/n173	https://archive.org/download/chronicaminorasa13momm/page/n173_w1000.jpg	scans/page-158.jpg	06236cbcf6715fc76738b501a6af19eb388504f321fe3306b09c0a4b6c06542c
page-159	Mommsen's Chronica minora, volume 3, University of Florida copy	Page 159	https://archive.org/details/chronicaminorasa13momm/page/n174	https://archive.org/download/chronicaminorasa13momm/page/n174_w1000.jpg	scans/page-159.jpg	b86ab4e780f0019e04d58a57afe3756571fb2bfb25b088763d6a84fc8efad7f2
page-160	Mommsen's Chronica minora, volume 3, University of Florida copy	Page 160	https://archive.org/details/chronicaminorasa13momm/page/n175	https://archive.org/download/chronicaminorasa13momm/page/n175_w1000.jpg	scans/page-160.jpg	f0c94fc20ea46f37461c0a2dd627780ed1a8680a8f6e36021497245c06a88291
page-161	Mommsen's Chronica minora, volume 3, University of Florida copy	Page 161	https://archive.org/details/chronicaminorasa13momm/page/n176	https://archive.org/download/chronicaminorasa13momm/page/n176_w1000.jpg	scans/page-161.jpg	6955218c25bc7d9f96d2eb85e3b2e5246edee4f50ad0df755cdd4c82c075d56c
page-162	Mommsen's Chronica minora, volume 3, University of Florida copy	Page 162	https://archive.org/details/chronicaminorasa13momm/page/n177	https://archive.org/download/chronicaminorasa13momm/page/n177_w1000.jpg	scans/page-162.jpg	8844bc322a5440c514bf77181351660955cc82ac828c4d1e4dd7a9dad3ea9fef
page-163	Mommsen's Chronica minora, volume 3, University of Florida copy	Page 163	https://archive.org/details/chronicaminorasa13momm/page/n178	https://archive.org/download/chronicaminorasa13momm/page/n178_w1000.jpg	scans/page-163.jpg	803c0eaf2f5d2d688a8582800bb08ae90e77007cddfb833d6342beacb10243b9
page-164	Mommsen's Chronica minora, volume 3, University of Florida copy	Page 164	https://archive.org/details/chronicaminorasa13momm/page/n179	https://archive.org/download/chronicaminorasa13momm/page/n179_w1000.jpg	scans/page-164.jpg	f8a6c607d7c673f5f6b1157905dff7601bf6463e7a37ebbc1ff9040cd9dbf361
page-165	Mommsen's Chronica minora, volume 3, University of Florida copy	Page 165	https://archive.org/details/chronicaminorasa13momm/page/n180	https://archive.org/download/chronicaminorasa13momm/page/n180_w1000.jpg	scans/page-165.jpg	8e3cde54aa4a20b99ac39afab993f002fa7eeec72edb744dd0a667239318a2de
page-166	Mommsen's Chronica minora, volume 3, University of Florida copy	Page 166	https://archive.org/details/chronicaminorasa13momm/page/n181	https://archive.org/download/chronicaminorasa13momm/page/n181_w1000.jpg	scans/page-166.jpg	c74aee30da50aee1f7273344a857d368f0fd740b0567a95bc9dc8257c3c505f4
page-167	Mommsen's Chronica minora, volume 3, University of Florida copy	Page 167	https://archive.org/details/chronicaminorasa13momm/page/n182	https://archive.org/download/chronicaminorasa13momm/page/n182_w1000.jpg	scans/page-167.jpg	308a902db593df684b0c57afcd0d37df6b679e8fe6d8d33bc10ff8d1fef5f167
page-168	Mommsen's Chronica minora, volume 3, University of Florida copy	Page 168	https://archive.org/details/chronicaminorasa13momm/page/n183	https://archive.org/download/chronicaminorasa13momm/page/n183_w1000.jpg	scans/page-168.jpg	4f249720b0aa8d67a6826c1ea2ae51777004d855bfdef5665449240ff9ff7d20
page-169	Mommsen's Chronica minora, volume 3, University of Florida copy	Page 169	https://archive.org/details/chronicaminorasa13momm/page/n184	https://archive.org/download/chronicaminorasa13momm/page/n184_w1000.jpg	scans/page-169.jpg	67ff9a4f2fb2bb41c980e36f4b7e8f57c911edff314632c9db748a710ec781d7
page-170	Mommsen's Chronica minora, volume 3, University of Florida copy	Page 170	https://archive.org/details/chronicaminorasa13momm/page/n185	https://archive.org/download/chronicaminorasa13momm/page/n185_w1000.jpg	scans/page-170.jpg	2c1db43b0bbb95771f12a9a5f6d8662efcd38ac8a3e1ea65f95538cf813fa9de
page-171	Mommsen's Chronica minora, volume 3, University of Florida copy	Page 171	https://archive.org/details/chronicaminorasa13momm/page/n186	https://archive.org/download/chronicaminorasa13momm/page/n186_w1000.jpg	scans/page-171.jpg	103116b1a83896f75c2f64790105cfea68644c972f739e505af1b2e12807c20b
page-172	Mommsen's Chronica minora, volume 3, University of Florida copy	Page 172	https://archive.org/details/chronicaminorasa13momm/page/n187	https://archive.org/download/chronicaminorasa13momm/page/n187_w1000.jpg	scans/page-172.jpg	00983977ab9d1eaeb76e923ba81c3c6f73d44cc3b6503dc97dc2f7dcdd6fe48a
page-173	Mommsen's Chronica minora, volume 3, University of Florida copy	Page 173	https://archive.org/details/chronicaminorasa13momm/page/n188	https://archive.org/download/chronicaminorasa13momm/page/n188_w1000.jpg	scans/page-173.jpg	8ad18fc6901f54687ac1bba9a70275983dde76582edf92d560cc22304b60beda
page-174	Mommsen's Chronica minora, volume 3, University of Florida copy	Page 174	https://archive.org/details/chronicaminorasa13momm/page/n189	https://archive.org/download/chronicaminorasa13momm/page/n189_w1000.jpg	scans/page-174.jpg	1d0ab97836a7893a83b7896e345fd7b2dd430602da7c7e9ee3b9a7a0fe677d3b
page-175	Mommsen's Chronica minora, volume 3, University of Florida copy	Page 175	https://archive.org/details/chronicaminorasa13momm/page/n190	https://archive.org/download/chronicaminorasa13momm/page/n190_w1000.jpg	scans/page-175.jpg	38a0e8b5282db7c3bb0014c093381abd17310d7bbd06f5c7a29a26be622c42a6
page-176	Mommsen's Chronica minora, volume 3, University of Florida copy	Page 176	https://archive.org/details/chronicaminorasa13momm/page/n191	https://archive.org/download/chronicaminorasa13momm/page/n191_w1000.jpg	scans/page-176.jpg	e4048d6457a4a6d74eb306532c14f23b084589d84f87496b680a822d97d009bd
page-177	Mommsen's Chronica minora, volume 3, University of Florida copy	Page 177	https://archive.org/details/chronicaminorasa13momm/page/n192	https://archive.org/download/chronicaminorasa13momm/page/n192_w1000.jpg	scans/page-177.jpg	a939dc160cac683d81dd29dd2e69739cb836a30f8daa8553c7956fff25c1c8db
page-178	Mommsen's Chronica minora, volume 3, University of Florida copy	Page 178	https://archive.org/details/chronicaminorasa13momm/page/n193	https://archive.org/download/chronicaminorasa13momm/page/n193_w1000.jpg	scans/page-178.jpg	9ab745c45713df0ddfe74d872862552067924802b668e7420d9342317abe0714
page-179	Mommsen's Chronica minora, volume 3, University of Florida copy	Page 179	https://archive.org/details/chronicaminorasa13momm/page/n194	https://archive.org/download/chronicaminorasa13momm/page/n194_w1000.jpg	scans/page-179.jpg	c64b872c78d0d02020ead572e95da1897e90fc258b42ac418f515c9fbaaaea0e
page-180	Mommsen's Chronica minora, volume 3, University of Florida copy	Page 180	https://archive.org/details/chronicaminorasa13momm/page/n195	https://archive.org/download/chronicaminorasa13momm/page/n195_w1000.jpg	scans/page-180.jpg	783cd21271f3545768da87ee8f4a08a5aed15bccb2f5a9deae474c4c51b0d26a
page-181	Mommsen's Chronica minora, volume 3, University of Florida copy	Page 181	https://archive.org/details/chronicaminorasa13momm/page/n196	https://archive.org/download/chronicaminorasa13momm/page/n196_w1000.jpg	scans/page-181.jpg	831cbbb06afca2d8d02831f9e02c57a54a6dfa8bd66b17e8fbf7a29edc00a9ee
page-182	Mommsen's Chronica minora, volume 3, University of Florida copy	Page 182	https://archive.org/details/chronicaminorasa13momm/page/n197	https://archive.org/download/chronicaminorasa13momm/page/n197_w1000.jpg	scans/page-182.jpg	113dfb7722938b6c7413bb4fa0a2cf3feb659f628298389c0bc0c63ce8d210d3
page-183	Mommsen's Chronica minora, volume 3, University of Florida copy	Page 183	https://archive.org/details/chronicaminorasa13momm/page/n198	https://archive.org/download/chronicaminorasa13momm/page/n198_w1000.jpg	scans/page-183.jpg	9bf2731e270021255d16825efdadac5b913a102d2ce62502832057737341d2ef
page-184	Mommsen's Chronica minora, volume 3, University of Florida copy	Page 184	https://archive.org/details/chronicaminorasa13momm/page/n199	https://archive.org/download/chronicaminorasa13momm/page/n199_w1000.jpg	scans/page-184.jpg	bc05ad440641add9b94ee3d87fd89e5eae0b740f9ed7ab400675c2a6003be662
page-185	Mommsen's Chronica minora, volume 3, University of Florida copy	Page 185	https://archive.org/details/chronicaminorasa13momm/page/n200	https://archive.org/download/chronicaminorasa13momm/page/n200_w1000.jpg	scans/page-185.jpg	17ca61f732e6f13a7c6d145771066253dd4938580400ce17882b2c54d92d1a25
page-186	Mommsen's Chronica minora, volume 3, University of Florida copy	Page 186	https://archive.org/details/chronicaminorasa13momm/page/n201	https://archive.org/download/chronicaminorasa13momm/page/n201_w1000.jpg	scans/page-186.jpg	5d9ab0be10580401a545ff563e33347a5f58856f5d2ddd41fd025519e3b85999
page-187	Mommsen's Chronica minora, volume 3, University of Florida copy	Page 187	https://archive.org/details/chronicaminorasa13momm/page/n202	https://archive.org/download/chronicaminorasa13momm/page/n202_w1000.jpg	scans/page-187.jpg	8d293f48d5bed06bba3a70d440fb57e43cd7d2384d2b2157a8528f10da60ee0e
page-188	Mommsen's Chronica minora, volume 3, University of Florida copy	Page 188	https://archive.org/details/chronicaminorasa13momm/page/n203	https://archive.org/download/chronicaminorasa13momm/page/n203_w1000.jpg	scans/page-188.jpg	cffe4a9ab53e4a2868e329f19bdd93250b403df229eb3130d886fdaf42879e3b
page-189	Mommsen's Chronica minora, volume 3, University of Florida copy	Page 189	https://archive.org/details/chronicaminorasa13momm/page/n204	https://archive.org/download/chronicaminorasa13momm/page/n204_w1000.jpg	scans/page-189.jpg	741ad816c44579a5d476c5602a508bbb969aec861a31b73e0b059fb327c2ad50
page-190	Mommsen's Chronica minora, volume 3, University of Florida copy	Page 190	https://archive.org/details/chronicaminorasa13momm/page/n205	https://archive.org/download/chronicaminorasa13momm/page/n205_w1000.jpg	scans/page-190.jpg	548b087d47f30b7d9c1467eb6d3fea4844104d05415670f175e7e133805263fc
page-191	Mommsen's Chronica minora, volume 3, University of Florida copy	Page 191	https://archive.org/details/chronicaminorasa13momm/page/n206	https://archive.org/download/chronicaminorasa13momm/page/n206_w1000.jpg	scans/page-191.jpg	6125234e31754fc8dee0a668651c731e8e234e1144e4b7373e3f61b58059e37e
page-192	Mommsen's Chronica minora, volume 3, University of Florida copy	Page 192	https://archive.org/details/chronicaminorasa13momm/page/n207	https://archive.org/download/chronicaminorasa13momm/page/n207_w1000.jpg	scans/page-192.jpg	adc92aca54c1973b71bca196ef1e6169c41ac9a23c0093d04835c1ae198e362e
page-193	Mommsen's Chronica minora, volume 3, University of Florida copy	Page 193	https://archive.org/details/chronicaminorasa13momm/page/n208	https://archive.org/download/chronicaminorasa13momm/page/n208_w1000.jpg	scans/page-193.jpg	a3d5345827a8db1886eca417a429af8d801fc0675fe84056752f658e320c6c93
page-194	Mommsen's Chronica minora, volume 3, University of Florida copy	Page 194	https://archive.org/details/chronicaminorasa13momm/page/n209	https://archive.org/download/chronicaminorasa13momm/page/n209_w1000.jpg	scans/page-194.jpg	02696c8f3386af14ecb2277101bb0333449b20fc38df4ba3f93e104f65360793
page-195	Mommsen's Chronica minora, volume 3, University of Florida copy	Page 195	https://archive.org/details/chronicaminorasa13momm/page/n210	https://archive.org/download/chronicaminorasa13momm/page/n210_w1000.jpg	scans/page-195.jpg	f9c848b8cda4371bc7b25d25f8189dc6f893d053c78f2d08c2b0e2e077c6cd96
page-196	Mommsen's Chronica minora, volume 3, University of Florida copy	Page 196	https://archive.org/details/chronicaminorasa13momm/page/n211	https://archive.org/download/chronicaminorasa13momm/page/n211_w1000.jpg	scans/page-196.jpg	ee75e084c85bd437a7264b71482848c844c25827c453b75affedcc93d710399c
page-197	Mommsen's Chronica minora, volume 3, University of Florida copy	Page 197	https://archive.org/details/chronicaminorasa13momm/page/n212	https://archive.org/download/chronicaminorasa13momm/page/n212_w1000.jpg	scans/page-197.jpg	6642e02884e2253f285b64b38d34b33f1e4171999c4cc1c0d0d46f366a22fae5
page-198	Mommsen's Chronica minora, volume 3, University of Florida copy	Page 198	https://archive.org/details/chronicaminorasa13momm/page/n213	https://archive.org/download/chronicaminorasa13momm/page/n213_w1000.jpg	scans/page-198.jpg	4584ce74c126412a24325f20fed25c511f190fa781ae21b8cbb7e7b4eda63048
page-199	Mommsen's Chronica minora, volume 3, University of Florida copy	Page 199	https://archive.org/details/chronicaminorasa13momm/page/n214	https://archive.org/download/chronicaminorasa13momm/page/n214_w1000.jpg	scans/page-199.jpg	16f6adf998f035bbc61ddaa65fe0cf92680e75d436a539d2b2ff93cf24180997
page-200	Mommsen's Chronica minora, volume 3, University of Florida copy	Page 200	https://archive.org/details/chronicaminorasa13momm/page/n215	https://archive.org/download/chronicaminorasa13momm/page/n215_w1000.jpg	scans/page-200.jpg	3e1030fd2e842a72a02c5238f36d33ed413a27d7ade365c9178052695a8cd97e
page-201	Mommsen's Chronica minora, volume 3, University of Florida copy	Page 201	https://archive.org/details/chronicaminorasa13momm/page/n216	https://archive.org/download/chronicaminorasa13momm/page/n216_w1000.jpg	scans/page-201.jpg	59538272d9ae5396ef7309c849ee2b1de09734c8ebe6c3d19952cf44c5971810
page-202	Mommsen's Chronica minora, volume 3, University of Florida copy	Page 202	https://archive.org/details/chronicaminorasa13momm/page/n217	https://archive.org/download/chronicaminorasa13momm/page/n217_w1000.jpg	scans/page-202.jpg	4d530635a417e5c080661a94ae9fe514787ece84bf575ed580dd78cc2b610fbb
page-203	Mommsen's Chronica minora, volume 3, University of Florida copy	Page 203	https://archive.org/details/chronicaminorasa13momm/page/n218	https://archive.org/download/chronicaminorasa13momm/page/n218_w1000.jpg	scans/page-203.jpg	73ab1f5219c3640b9bf66acc1951ce00108e7d01e35c2e5ab38ee7bf08ad1b36
page-204	Mommsen's Chronica minora, volume 3, University of Florida copy	Page 204	https://archive.org/details/chronicaminorasa13momm/page/n219	https://archive.org/download/chronicaminorasa13momm/page/n219_w1000.jpg	scans/page-204.jpg	a25ca0875d5f73f94d5003f0e66442294479792eeeda38f2b750ea7d88f623c5
page-205	Mommsen's Chronica minora, volume 3, University of Florida copy	Page 205	https://archive.org/details/chronicaminorasa13momm/page/n220	https://archive.org/download/chronicaminorasa13momm/page/n220_w1000.jpg	scans/page-205.jpg	e6b28bf4639fe6c755e45c52aebb053db4f84663c6650d77787a6352dda1eeb8
page-206	Mommsen's Chronica minora, volume 3, University of Florida copy	Page 206	https://archive.org/details/chronicaminorasa13momm/page/n221	https://archive.org/download/chronicaminorasa13momm/page/n221_w1000.jpg	scans/page-206.jpg	91aa153722c72c2c6f9a14de5152a1ecda865b532d838ee40e3608637fbd07e7
page-207	Mommsen's Chronica minora, volume 3, University of Florida copy	Page 207	https://archive.org/details/chronicaminorasa13momm/page/n222	https://archive.org/download/chronicaminorasa13momm/page/n222_w1000.jpg	scans/page-207.jpg	cbbb46d99457c1dc2029a8dbaeac921de4df3eb400c8d9d386d03688c5531deb
page-208	Mommsen's Chronica minora, volume 3, University of Florida copy	Page 208	https://archive.org/details/chronicaminorasa13momm/page/n223	https://archive.org/download/chronicaminorasa13momm/page/n223_w1000.jpg	scans/page-208.jpg	a325b6cd291be1f9d8250e3a851ed88fb06c1026a6748a36e0d80002ef589a77
page-209	Mommsen's Chronica minora, volume 3, University of Florida copy	Page 209	https://archive.org/details/chronicaminorasa13momm/page/n224	https://archive.org/download/chronicaminorasa13momm/page/n224_w1000.jpg	scans/page-209.jpg	c977ada46f496f1cf992022615f63ccfce8913919de9f63733dba6a7d94cff61
page-210	Mommsen's Chronica minora, volume 3, University of Florida copy	Page 210	https://archive.org/details/chronicaminorasa13momm/page/n225	https://archive.org/download/chronicaminorasa13momm/page/n225_w1000.jpg	scans/page-210.jpg	31cead70745898721894d55cec9bdc04853034a10bf535f930f0d9e31328c35f
page-211	Mommsen's Chronica minora, volume 3, University of Florida copy	Page 211	https://archive.org/details/chronicaminorasa13momm/page/n226	https://archive.org/download/chronicaminorasa13momm/page/n226_w1000.jpg	scans/page-211.jpg	82b79b5bc6c85374c3963da9d7c7683de9e778c38d485604782dd77acdd92d9f
page-212	Mommsen's Chronica minora, volume 3, University of Florida copy	Page 212	https://archive.org/details/chronicaminorasa13momm/page/n227	https://archive.org/download/chronicaminorasa13momm/page/n227_w1000.jpg	scans/page-212.jpg	baaf26376fac68b3d18963cde4f27b9e40e605cf9c3ca2a51710277f636978cc
page-213	Mommsen's Chronica minora, volume 3, University of Florida copy	Page 213	https://archive.org/details/chronicaminorasa13momm/page/n228	https://archive.org/download/chronicaminorasa13momm/page/n228_w1000.jpg	scans/page-213.jpg	ccd6e39bfa764bf2dea6d2660983ef879f4aef12d21c1c28b02eeb1f731ec7fd
page-214	Mommsen's Chronica minora, volume 3, University of Florida copy	Page 214	https://archive.org/details/chronicaminorasa13momm/page/n229	https://archive.org/download/chronicaminorasa13momm/page/n229_w1000.jpg	scans/page-214.jpg	d68b23b294abb48e3af6c14944b5bd5b5198c8cfc881b24933fead7379d52477
page-215	Mommsen's Chronica minora, volume 3, University of Florida copy	Page 215	https://archive.org/details/chronicaminorasa13momm/page/n230	https://archive.org/download/chronicaminorasa13momm/page/n230_w1000.jpg	scans/page-215.jpg	e18bfb7226346e7dd558ba66ae66734b0e0df6b24affd5612b76e26e952b843c
page-216	Mommsen's Chronica minora, volume 3, University of Florida copy	Page 216	https://archive.org/details/chronicaminorasa13momm/page/n231	https://archive.org/download/chronicaminorasa13momm/page/n231_w1000.jpg	scans/page-216.jpg	d95507b2d9487ef02e91baa31150a4034f2b6c84fc793bcb86fcd7609a34dd3c
page-217	Mommsen's Chronica minora, volume 3, University of Florida copy	Page 217	https://archive.org/details/chronicaminorasa13momm/page/n232	https://archive.org/download/chronicaminorasa13momm/page/n232_w1000.jpg	scans/page-217.jpg	1a9ca81f0e56d054922322aa288795511a47bea2a355293c8f502cd09579644c
page-218	Mommsen's Chronica minora, volume 3, University of Florida copy	Page 218	https://archive.org/details/chronicaminorasa13momm/page/n233	https://archive.org/download/chronicaminorasa13momm/page/n233_w1000.jpg	scans/page-218.jpg	50f370cdcf3c2df0d9c5831b3804ce7afa3df8a08ba3e8612924e296292089f9
page-219	Mommsen's Chronica minora, volume 3, University of Florida copy	Page 219	https://archive.org/details/chronicaminorasa13momm/page/n234	https://archive.org/download/chronicaminorasa13momm/page/n234_w1000.jpg	scans/page-219.jpg	71042965d3241a0116e080e54ed5d191abb8ec6ab4b381a18bb4125126150bd6
